id,structure_json,formula,spacegroup,bandgap,energy_above_hull,k_1064,k_755,k_1500
mp-546266,"{""@module"": ""pymatgen.core.structure"", ""@class"": ""Structure"", ""charge"": 0, ""lattice"": {""matrix"": [[3.945744, 0.0, 0.0], [0.0, 3.945744, 0.0], [0.0, 0.0, 9.707467]], ""pbc"": [true, true, true], ""a"": 3.945744, ""b"": 3.945744, ""c"": 9.707467, ""alpha"": 90.0, ""beta"": 90.0, ""gamma"": 90.0, ""volume"": 151.13454136559216}, ""properties"": {}, ""sites"": [{""species"": [{""element"": ""Dy"", ""occu"": 1}], ""abc"": [0.0, 0.0, 0.0], ""properties"": {""magmom"": -0.0}, ""label"": ""Dy"", ""xyz"": [0.0, 0.0, 0.0]}, {""species"": [{""element"": ""Bi"", ""occu"": 1}], ""abc"": [0.5, 0.5, 0.256559], ""properties"": {""magmom"": 0.0}, ""label"": ""Bi"", ""xyz"": [1.972872, 1.972872, 2.4905380260529997]}, {""species"": [{""element"": ""Bi"", ""occu"": 1}], ""abc"": [0.5, 0.5, 0.743441], ""properties"": {""magmom"": 0.0}, ""label"": ""Bi"", ""xyz"": [1.972872, 1.972872, 7.216928973947]}, {""species"": [{""element"": ""I"", ""occu"": 1}], ""abc"": [0.0, 0.0, 0.5], ""properties"": {""magmom"": 0.0}, ""label"": ""I"", ""xyz"": [0.0, 0.0, 4.8537335]}, {""species"": [{""element"": ""O"", ""occu"": 1}], ""abc"": [0.5, 0.0, 0.857838999999999], ""properties"": {""magmom"": 0.0}, ""label"": ""O"", ""xyz"": [1.972872, 0.0, 8.32744378381299]}, {""species"": [{""element"": ""O"", ""occu"": 1}], ""abc"": [0.0, 0.5, 0.857838999999999], ""properties"": {""magmom"": 0.0}, ""label"": ""O"", ""xyz"": [0.0, 1.972872, 8.32744378381299]}, {""species"": [{""element"": ""O"", ""occu"": 1}], ""abc"": [0.5, 0.0, 0.142160999999999], ""properties"": {""magmom"": 0.0}, ""label"": ""O"", ""xyz"": [1.972872, 0.0, 1.3800232161869903]}, {""species"": [{""element"": ""O"", ""occu"": 1}], ""abc"": [0.0, 0.5, 0.142160999999999], ""properties"": {""magmom"": 0.0}, ""label"": ""O"", ""xyz"": [0.0, 1.972872, 1.3800232161869903]}]}",DyBi2IO4,123,1.3818,0.0,0.0162833130380954,0.0429043541874937,0.0099921889586937
mp-9583,"{""@module"": ""pymatgen.core.structure"", ""@class"": ""Structure"", ""charge"": 0, ""lattice"": {""matrix"": [[3.87855986, 0.0, -1.1469436], [-0.33916743, 3.86370258, -1.1469436], [-0.00357393, -0.00390187, 7.11934679]], ""pbc"": [true, true, true], ""a"": 4.044589745472856, ""b"": 4.044590435860276, ""c"": 7.11934875630127, ""alpha"": 106.5024353744425, ""beta"": 106.50243452995848, ""gamma"": 90.00000545766596, ""volume"": 106.65298266178148}, ""properties"": {}, ""sites"": [{""species"": [{""element"": ""K"", ""occu"": 1}], ""abc"": [0.35478815, 0.35478815, 0.7095753], ""properties"": {""magmom"": -0.0}, ""label"": ""K"", ""xyz"": [1.2531985199117757, 1.368027219932616, 4.237868638321607]}, {""species"": [{""element"": ""K"", ""occu"": 1}], ""abc"": [0.64521185, 0.64521185, 0.2904247], ""properties"": {""magmom"": -0.0}, ""label"": ""K"", ""xyz"": [2.2826199800882248, 2.4917734900673842, 0.5875909516783928]}, {""species"": [{""element"": ""Zn"", ""occu"": 1}], ""abc"": [-0.0, -0.0, -0.0], ""properties"": {""magmom"": -0.0}, ""label"": ""Zn"", ""xyz"": [0.0, 0.0, 0.0]}, {""species"": [{""element"": ""F"", ""occu"": 1}], ""abc"": [0.5, -0.0, -0.0], ""properties"": {""magmom"": -0.0}, ""label"": ""F"", ""xyz"": [1.93927993, 0.0, -0.5734718]}, {""species"": [{""element"": ""F"", ""occu"": 1}], ""abc"": [-0.0, 0.5, -0.0], ""properties"": {""magmom"": -0.0}, ""label"": ""F"", ""xyz"": [-0.169583715, 1.93185129, -0.5734718]}, {""species"": [{""element"": ""F"", ""occu"": 1}], ""abc"": [0.8446341900000001, 0.8446341900000001, 0.68926738], ""properties"": {""magmom"": -0.0}, ""label"": ""F"", ""xyz"": [2.987028464837779, 3.26072586734721, 2.9696379521313423]}, {""species"": [{""element"": ""F"", ""occu"": 1}], ""abc"": [0.15536581, 0.15536581, 0.31073262], ""properties"": {""magmom"": -0.0}, ""label"": ""F"", ""xyz"": [0.5487900351622217, 0.5990748426527903, 1.855821637868658]}]}",K2ZnF4,139,4.3866,0.0,0.0007615129197345,0.0010942186701996,0.0005382843603689
mp-22988,"{""@module"": ""pymatgen.core.structure"", ""@class"": ""Structure"", ""charge"": 0, ""lattice"": {""matrix"": [[3.87737825, -3.84681592, 0.01413623], [3.87737825, 3.84681592, 0.01413623], [0.04102084, 0.0, 5.46173703]], ""pbc"": [true, true, true], ""a"": 5.461891123863339, ""b"": 5.461891123863339, ""c"": 5.461891073079682, ""alpha"": 89.54623144876582, ""beta"": 89.54623144876582, ""gamma"": 89.54621700859916, ""volume"": 162.92527551742106}, ""properties"": {}, ""sites"": [{""species"": [{""element"": ""Cs"", ""occu"": 1}], ""abc"": [0.99840335, 0.99840335, 0.99840335], ""properties"": {""magmom"": -0.0}, ""label"": ""Cs"", ""xyz"": [7.78333021211009, 0.0, 5.481243866347792]}, {""species"": [{""element"": ""Ge"", ""occu"": 1}], ""abc"": [0.51553315, 0.51553315, 0.51553315], ""properties"": {""magmom"": 0.0}, ""label"": ""Ge"", ""xyz"": [4.018981648788821, 0.0, 2.8302818859095935]}, {""species"": [{""element"": ""Cl"", ""occu"": 1}], ""abc"": [0.9486381700000001, 0.49671267, 0.49671267], ""properties"": {""magmom"": -0.0}, ""label"": ""Cl"", ""xyz"": [5.624547481597273, -1.7384742080539604, 2.733345794914104]}, {""species"": [{""element"": ""Cl"", ""occu"": 1}], ""abc"": [0.49671267, 0.49671267, 0.9486381700000001], ""properties"": {""magmom"": -0.0}, ""label"": ""Cl"", ""xyz"": [3.890799740904318, 0.0, 5.195255510254503]}, {""species"": [{""element"": ""Cl"", ""occu"": 1}], ""abc"": [0.49671267, 0.9486381700000001, 0.49671267], ""properties"": {""magmom"": -0.0}, ""label"": ""Cl"", ""xyz"": [5.624547481597273, 1.7384742080539604, 2.733345794914104]}]}",CsGeCl3,160,2.178,0.0,0.0085544855975864,0.01697474356401,0.0055312476103202
mp-1025029,"{""@module"": ""pymatgen.core.structure"", ""@class"": ""Structure"", ""charge"": 0, ""lattice"": {""matrix"": [[-2.0265362, -3.51006494, 0.0], [-2.0265362, 3.51006494, 0.0], [0.0, 0.0, -8.04043046]], ""pbc"": [true, true, true], ""a"": 4.053073506973152, ""b"": 4.053073506973152, ""c"": 8.04043046, ""alpha"": 90.0, ""beta"": 90.0, ""gamma"": 120.00001806943565, ""volume"": 114.38756449695799}, ""properties"": {}, ""sites"": [{""species"": [{""element"": ""Pr"", ""occu"": 1}], ""abc"": [0.666667, 0.333333, 0.75], ""properties"": {""magmom"": -0.0}, ""label"": ""Pr"", ""xyz"": [-2.0265362, -1.17002398670996, -6.030322845]}, {""species"": [{""element"": ""Pr"", ""occu"": 1}], ""abc"": [0.333333, 0.666667, 0.25], ""properties"": {""magmom"": -0.0}, ""label"": ""Pr"", ""xyz"": [-2.0265362, 1.17002398670996, -2.010107615]}, {""species"": [{""element"": ""H"", ""occu"": 1}], ""abc"": [0.666667, 0.333333, 0.25], ""properties"": {""magmom"": 0.0}, ""label"": ""H"", ""xyz"": [-2.0265362, -1.17002398670996, -2.010107615]}, {""species"": [{""element"": ""H"", ""occu"": 1}], ""abc"": [0.333333, 0.666667, 0.75], ""properties"": {""magmom"": 0.0}, ""label"": ""H"", ""xyz"": [-2.0265362, 1.17002398670996, -6.030322845]}, {""species"": [{""element"": ""Se"", ""occu"": 1}], ""abc"": [0.0, 0.0, 0.0], ""properties"": {""magmom"": 0.0}, ""label"": ""Se"", ""xyz"": [0.0, 0.0, 0.0]}, {""species"": [{""element"": ""Se"", ""occu"": 1}], ""abc"": [0.0, 0.0, 0.5], ""properties"": {""magmom"": 0.0}, ""label"": ""Se"", ""xyz"": [0.0, 0.0, -4.02021523]}]}",PrHSe,194,1.9456,0.0,0.0177154368454894,0.0349837755313278,0.0114525753110247
mp-22867,"{""@module"": ""pymatgen.core.structure"", ""@class"": ""Structure"", ""charge"": 0, ""lattice"": {""matrix"": [[4.2326573, -1e-08, 2.44372603], [1.41088441, 3.99058775, 2.44372603], [0.0, -0.0, 4.88745206]], ""pbc"": [true, true, true], ""a"": 4.887451762313654, ""b"": 4.887451515721733, ""c"": 4.88745206, ""alpha"": 59.999996316161834, ""beta"": 59.99999798516986, ""gamma"": 60.00001300255141, ""volume"": 82.55292826433187}, ""properties"": {}, ""sites"": [{""species"": [{""element"": ""Rb"", ""occu"": 1}], ""abc"": [0.0, -0.0, -0.0], ""properties"": {""magmom"": -0.0}, ""label"": ""Rb"", ""xyz"": [0.0, 0.0, 0.0]}, {""species"": [{""element"": ""Br"", ""occu"": 1}], ""abc"": [0.5, 0.5, 0.5], ""properties"": {""magmom"": -0.0}, ""label"": ""Br"", ""xyz"": [2.8217708549999996, 1.99529387, 4.88745206]}]}",RbBr,225,4.1973,0.0,0.001873290121475,0.0027913921281696,0.0013032692699576
mp-1217120,"{""@module"": ""pymatgen.core.structure"", ""@class"": ""Structure"", ""charge"": 0, ""lattice"": {""matrix"": [[6.908589, -2.104536, 0.0], [6.908589, 2.104536, 0.0], [6.267493, 0.0, 3.588344]], ""pbc"": [true, true, true], ""a"": 7.222026983210254, ""b"": 7.222026983210254, ""c"": 7.222027496997294, ""alpha"": 33.88420062069408, ""beta"": 33.88420062069408, ""gamma"": 33.88420046572725, ""volume"": 104.34455277712658}, ""properties"": {}, ""sites"": [{""species"": [{""element"": ""Ti"", ""occu"": 1}], ""abc"": [0.371998, 0.371998, 0.371998], ""properties"": {""magmom"": -0.0}, ""label"": ""Ti"", ""xyz"": [7.471457442658, 0.0, 1.334856791312]}, {""species"": [{""element"": ""Ti"", ""occu"": 1}], ""abc"": [0.878876999999999, 0.878876999999999, 0.878876999999999], ""properties"": {""magmom"": -0.0}, ""label"": ""Ti"", ""xyz"": [17.65195539446698, 0.0, 3.153713009687997]}, {""species"": [{""element"": ""Fe"", ""occu"": 1}], ""abc"": [0.997313999999999, 0.997313999999999, 0.997313999999999], ""properties"": {""magmom"": 0.0}, ""label"": ""Fe"", ""xyz"": [20.030723573693983, 0.0, 3.5787057080159967]}, {""species"": [{""element"": ""Ni"", ""occu"": 1}], ""abc"": [0.50107, 0.50107, 0.50107], ""properties"": {""magmom"": 0.0}, ""label"": ""Ni"", ""xyz"": [10.06382609797, 0.0, 1.7980115280800002]}, {""species"": [{""element"": ""Sb"", ""occu"": 1}], ""abc"": [0.123351999999999, 0.123351999999999, 0.123351999999999], ""properties"": {""magmom"": 0.0}, ""label"": ""Sb"", ""xyz"": [2.47748433719198, 0.0, 0.4426294090879965]}, {""species"": [{""element"": ""Sb"", ""occu"": 1}], ""abc"": [0.627389, 0.627389, 0.627389], ""properties"": {""magmom"": 0.0}, ""label"": ""Sb"", ""xyz"": [12.600901654019, 0.0, 2.251287553816]}]}",Ti2FeNiSb2,160,0.966899999999999,0.0,0.5186856013587203,2.389942619991633,0.1367967678096794
mp-3924,"{""@module"": ""pymatgen.core.structure"", ""@class"": ""Structure"", ""charge"": 0, ""lattice"": {""matrix"": [[2.921784869999999, 0.0, -0.0], [-1.46089193, 2.53033991, 0.0], [0.0, -0.0, 10.45103486]], ""pbc"": [true, true, true], ""a"": 2.921784869999999, ""b"": 2.921784607269662, ""c"": 10.45103486, ""alpha"": 90.0, ""beta"": 90.0, ""gamma"": 119.99999153959526, ""volume"": 77.26563847183944}, ""properties"": {}, ""sites"": [{""species"": [{""element"": ""Li"", ""occu"": 1}], ""abc"": [0.0, -0.0, 0.0], ""properties"": {""magmom"": 0.0}, ""label"": ""Li"", ""xyz"": [0.0, 0.0, 0.0]}, {""species"": [{""element"": ""Li"", ""occu"": 1}], ""abc"": [0.0, -0.0, 0.5], ""properties"": {""magmom"": 0.0}, ""label"": ""Li"", ""xyz"": [0.0, 0.0, 5.22551743]}, {""species"": [{""element"": ""Nb"", ""occu"": 1}], ""abc"": [0.333333, 0.666667, 0.75], ""properties"": {""magmom"": -0.0}, ""label"": ""Nb"", ""xyz"": [-1.1242256005017381e-06, 1.68689411677997, 7.838276145]}, {""species"": [{""element"": ""Nb"", ""occu"": 1}], ""abc"": [0.666667, 0.333333, 0.25], ""properties"": {""magmom"": -0.0}, ""label"": ""Nb"", ""xyz"": [1.4608940642255992, 0.84344579322003, 2.612758715]}, {""species"": [{""element"": ""O"", ""occu"": 1}], ""abc"": [0.333333, 0.666667, 0.12182659], ""properties"": {""magmom"": 0.0}, ""label"": ""O"", ""xyz"": [-1.1242256005017381e-06, 1.68689411677997, 1.2732139389649273]}, {""species"": [{""element"": ""O"", ""occu"": 1}], ""abc"": [0.333333, 0.666667, 0.37817341], ""properties"": {""magmom"": 0.0}, ""label"": ""O"", ""xyz"": [-1.1242256005017381e-06, 1.68689411677997, 3.9523034910350723]}, {""species"": [{""element"": ""O"", ""occu"": 1}], ""abc"": [0.666667, 0.333333, 0.6218265900000001], ""properties"": {""magmom"": 0.0}, ""label"": ""O"", ""xyz"": [1.4608940642255992, 0.84344579322003, 6.498731368964928]}, {""species"": [{""element"": ""O"", ""occu"": 1}], ""abc"": [0.666667, 0.333333, 0.87817341], ""properties"": {""magmom"": 0.0}, ""label"": ""O"", ""xyz"": [1.4608940642255992, 0.84344579322003, 9.177820921035073]}]}",LiNbO2,194,1.5747,0.0,0.044224396488531,0.2164121352004816,0.022916520259071
mp-8181,"{""@module"": ""pymatgen.core.structure"", ""@class"": ""Structure"", ""charge"": 0, ""lattice"": {""matrix"": [[3.57350791, -0.0, 0.0], [-1.78675396, 3.09474827, 0.0], [0.0, 0.0, 5.43007881]], ""pbc"": [true, true, true], ""a"": 3.57350791, ""b"": 3.573507600137948, ""c"": 5.43007881, ""alpha"": 90.0, ""beta"": 90.0, ""gamma"": 120.00000296094282, ""volume"": 60.051824871365675}, ""properties"": {}, ""sites"": [{""species"": [{""element"": ""Li"", ""occu"": 1}], ""abc"": [0.666667, 0.333333, 0.39485366], ""properties"": {""magmom"": 0.0}, ""label"": ""Li"", ""xyz"": [1.7867557400872902, 1.03158172508391, 2.1440864922169447]}, {""species"": [{""element"": ""Li"", ""occu"": 1}], ""abc"": [0.333333, 0.666667, 0.60514634], ""properties"": {""magmom"": 0.0}, ""label"": ""Li"", ""xyz"": [-1.7900872899545561e-06, 2.0631665449160903, 3.2859923177830557]}, {""species"": [{""element"": ""Ce"", ""occu"": 1}], ""abc"": [-0.0, -0.0, 0.0], ""properties"": {""magmom"": 0.0}, ""label"": ""Ce"", ""xyz"": [0.0, 0.0, 0.0]}, {""species"": [{""element"": ""N"", ""occu"": 1}], ""abc"": [0.666667, 0.333333, 0.77233664], ""properties"": {""magmom"": -0.0}, ""label"": ""N"", ""xyz"": [1.7867557400872902, 1.03158172508391, 4.193848823050598]}, {""species"": [{""element"": ""N"", ""occu"": 1}], ""abc"": [0.333333, 0.666667, 0.22766336], ""properties"": {""magmom"": -0.0}, ""label"": ""N"", ""xyz"": [-1.7900872899545561e-06, 2.0631665449160903, 1.2362299869494018]}]}",Li2CeN2,164,1.1900000000000004,0.0,0.0658383398179583,0.4174274285201982,0.0320551416351188
mp-13313,"{""@module"": ""pymatgen.core.structure"", ""@class"": ""Structure"", ""charge"": 0, ""lattice"": {""matrix"": [[3.82366281, -0.01440131, 7.05734801], [1.7777890200000002, 3.38527305, 7.057348], [-0.02392927, -0.01440131, 8.02657951]], ""pbc"": [true, true, true], ""a"": 8.026628533609722, ""b"": 8.026628695522975, ""c"": 8.02662809889958, ""alpha"": 28.61955686762443, ""beta"": 28.619548105851784, ""gamma"": 28.61955704908696, ""volume"": 104.88475063809506}, ""properties"": {}, ""sites"": [{""species"": [{""element"": ""Sc"", ""occu"": 1}], ""abc"": [-0.0, -0.0, 0.0], ""properties"": {""magmom"": -0.0}, ""label"": ""Sc"", ""xyz"": [0.0, 0.0, 0.0]}, {""species"": [{""element"": ""Tl"", ""occu"": 1}], ""abc"": [0.5, 0.5, 0.5], ""properties"": {""magmom"": 0.0}, ""label"": ""Tl"", ""xyz"": [2.78876128, 1.678235215, 11.07063776]}, {""species"": [{""element"": ""Se"", ""occu"": 1}], ""abc"": [0.73153246, 0.73153246, 0.73153246], ""properties"": {""magmom"": 0.0}, ""label"": ""Se"", ""xyz"": [4.080138799022298, 2.4553670705751576, 16.197061748683378]}, {""species"": [{""element"": ""Se"", ""occu"": 1}], ""abc"": [0.26846754, 0.26846754, 0.26846754], ""properties"": {""magmom"": 0.0}, ""label"": ""Se"", ""xyz"": [1.4973837609777023, 0.9011033594248423, 5.944213771316621]}]}",ScTlSe2,166,0.6985999999999999,0.0,0.0421861310474939,0.1197954194367118,0.0248654415460197
mp-754326,"{""@module"": ""pymatgen.core.structure"", ""@class"": ""Structure"", ""charge"": 0, ""lattice"": {""matrix"": [[3.16737726, 1.4935345500000001, -0.27376653], [-3.16737726, 1.4935345500000001, 0.27376653], [-2.8326541, 0.0, 5.66727894]], ""pbc"": [true, true, true], ""a"": 3.5125307503503866, ""b"": 3.5125307503503866, ""c"": 6.335769869085708, ""alpha"": 61.77904162680209, ""beta"": 118.22095837319794, ""gamma"": 129.67311978413235, ""volume"": 51.30268643900296}, ""properties"": {}, ""sites"": [{""species"": [{""element"": ""Na"", ""occu"": 1}], ""abc"": [0.5, 0.5, 0.5], ""properties"": {""magmom"": 0.0}, ""label"": ""Na"", ""xyz"": [-1.41632705, 1.4935345500000001, 2.83363947]}, {""species"": [{""element"": ""Ag"", ""occu"": 1}], ""abc"": [0.0, -0.0, 0.0], ""properties"": {""magmom"": 0.0}, ""label"": ""Ag"", ""xyz"": [0.0, 0.0, 0.0]}, {""species"": [{""element"": ""O"", ""occu"": 1}], ""abc"": [0.32847169, 0.67152831, 0.7559058200000001], ""properties"": {""magmom"": -0.0}, ""label"": ""O"", ""xyz"": [-3.2278094573173233, 1.4935345500000001, 4.377846554760359]}, {""species"": [{""element"": ""O"", ""occu"": 1}], ""abc"": [0.67152831, 0.32847169, 0.24409418], ""properties"": {""magmom"": -0.0}, ""label"": ""O"", ""xyz"": [0.3951553573173231, 1.4935345500000001, 1.2894323852396405]}]}",NaAgO2,12,0.6103000000000001,0.0,0.139863559539717,0.4184613333202716,0.0378214861772083
mp-23406,"{""@module"": ""pymatgen.core.structure"", ""@class"": ""Structure"", ""charge"": 0, ""lattice"": {""matrix"": [[6.33114452, 1e-08, 3.65528831], [2.11038219, 5.96906058, 3.65528831], [0.0, 0.0, 7.31057662]], ""pbc"": [true, true, true], ""a"": 7.310576144350641, ""b"": 7.310576572665236, ""c"": 7.31057662, ""alpha"": 59.99999978581424, ""beta"": 59.99999784772719, ""gamma"": 59.999995073802666, ""volume"": 276.2738925538895}, ""properties"": {}, ""sites"": [{""species"": [{""element"": ""Cs"", ""occu"": 1}], ""abc"": [0.25, 0.25, 0.25], ""properties"": {""magmom"": 0.0}, ""label"": ""Cs"", ""xyz"": [2.1103816775, 1.4922651475, 3.65528831]}, {""species"": [{""element"": ""Cs"", ""occu"": 1}], ""abc"": [0.75, 0.75, 0.75], ""properties"": {""magmom"": 0.0}, ""label"": ""Cs"", ""xyz"": [6.3311450325, 4.476795442499999, 10.96586493]}, {""species"": [{""element"": ""Pt"", ""occu"": 1}], ""abc"": [-0.0, 0.0, -0.0], ""properties"": {""magmom"": 0.0}, ""label"": ""Pt"", ""xyz"": [0.0, 0.0, 0.0]}, {""species"": [{""element"": ""Cl"", ""occu"": 1}], ""abc"": [0.22634526, 0.77365474, 0.77365474], ""properties"": {""magmom"": -0.0}, ""label"": ""Cl"", ""xyz"": [3.065731736982056, 4.617992013327601, 9.31115056419618]}, {""species"": [{""element"": ""Cl"", ""occu"": 1}], ""abc"": [0.22634526, 0.77365474, 0.22634526], ""properties"": {""magmom"": -0.0}, ""label"": ""Cl"", ""xyz"": [3.065731736982056, 4.617992013327601, 5.310002675803821]}, {""species"": [{""element"": ""Cl"", ""occu"": 1}], ""abc"": [0.77365474, 0.22634526, 0.77365474], ""properties"": {""magmom"": -0.0}, ""label"": ""Cl"", ""xyz"": [5.375794973017944, 1.3510685766723982, 9.31115056419618]}, {""species"": [{""element"": ""Cl"", ""occu"": 1}], ""abc"": [0.77365474, 0.22634526, 0.22634526], ""properties"": {""magmom"": -0.0}, ""label"": ""Cl"", ""xyz"": [5.375794973017944, 1.3510685766723982, 5.310002675803821]}, {""species"": [{""element"": ""Cl"", ""occu"": 1}], ""abc"": [0.77365474, 0.77365474, 0.22634526], ""properties"": {""magmom"": -0.0}, ""label"": ""Cl"", ""xyz"": [6.530827152028105, 4.617992018800696, 7.31057662]}, {""species"": [{""element"": ""Cl"", ""occu"": 1}], ""abc"": [0.22634526, 0.22634526, 0.77365474], ""properties"": {""magmom"": -0.0}, ""label"": ""Cl"", ""xyz"": [1.9106995579718946, 1.3510685711993033, 7.31057662]}]}",Cs2PtCl6,225,2.0134,0.0,0.0073344114612291,0.0134443321616593,0.0045938961389043
mp-9564,"{""@module"": ""pymatgen.core.structure"", ""@class"": ""Structure"", ""charge"": 0, ""lattice"": {""matrix"": [[4.35434578, -1e-08, -0.0], [-2.1771739, 3.77097454, 0.0], [-0.0, 0.0, 7.11395737]], ""pbc"": [true, true, true], ""a"": 4.35434578, ""b"": 4.354346698664385, ""c"": 7.11395737, ""alpha"": 90.0, ""beta"": 90.0, ""gamma"": 120.00000849836977, ""volume"": 116.81208386477462}, ""properties"": {}, ""sites"": [{""species"": [{""element"": ""Ca"", ""occu"": 1}], ""abc"": [0.0, 0.0, -0.0], ""properties"": {""magmom"": 0.0}, ""label"": ""Ca"", ""xyz"": [0.0, 0.0, 0.0]}, {""species"": [{""element"": ""Mg"", ""occu"": 1}], ""abc"": [0.666667, 0.333333, 0.36502777000000003], ""properties"": {""magmom"": 0.0}, ""label"": ""Mg"", ""xyz"": [2.17717473050656, 1.25699024967515, 2.596791994646165]}, {""species"": [{""element"": ""Mg"", ""occu"": 1}], ""abc"": [0.333333, 0.666667, 0.63497223], ""properties"": {""magmom"": 0.0}, ""label"": ""Mg"", ""xyz"": [-2.850506560125865e-06, 2.51398428032485, 4.517165375353835]}, {""species"": [{""element"": ""As"", ""occu"": 1}], ""abc"": [0.333333, 0.666667, 0.25097891], ""properties"": {""magmom"": -0.0}, ""label"": ""As"", ""xyz"": [-2.850506560125865e-06, 2.51398428032485, 1.7854532665090665]}, {""species"": [{""element"": ""As"", ""occu"": 1}], ""abc"": [0.666667, 0.333333, 0.7490210900000001], ""properties"": {""magmom"": -0.0}, ""label"": ""As"", ""xyz"": [2.17717473050656, 1.25699024967515, 5.328504103490934]}]}",Ca(MgAs)2,164,1.2621000000000002,0.0,0.0341673297976436,0.1298482168517205,0.0206336013235609
mp-2691,"{""@module"": ""pymatgen.core.structure"", ""@class"": ""Structure"", ""charge"": 0, ""lattice"": {""matrix"": [[3.76029987, 1e-08, 2.17100981], [1.25343363, 3.54524336, 2.17100981], [1e-08, 0.0, 4.34201861]], ""pbc"": [true, true, true], ""a"": 4.342020118267332, ""b"": 4.342019108842718, ""c"": 4.34201861, ""alpha"": 59.999996061755425, ""beta"": 60.000003664099175, ""gamma"": 59.999990229456074, ""volume"": 57.88422347057727}, ""properties"": {}, ""sites"": [{""species"": [{""element"": ""Cd"", ""occu"": 1}], ""abc"": [0.0, 0.0, -0.0], ""properties"": {""magmom"": 0.0}, ""label"": ""Cd"", ""xyz"": [0.0, 0.0, 0.0]}, {""species"": [{""element"": ""Se"", ""occu"": 1}], ""abc"": [0.25, 0.25, 0.25], ""properties"": {""magmom"": -0.0}, ""label"": ""Se"", ""xyz"": [1.2534333775, 0.8863108425, 2.1710095575]}]}",CdSe,216,0.5143,0.000553682500001,0.3546738479361631,0.3576012329339396,0.1546239511180029
mp-856,"{""@module"": ""pymatgen.core.structure"", ""@class"": ""Structure"", ""charge"": 0, ""lattice"": {""matrix"": [[3.20749977, 0.0, 0.0], [0.0, 4.76383605, -0.0], [0.0, -0.0, 4.76580004]], ""pbc"": [true, true, true], ""a"": 3.20749977, ""b"": 4.76383605, ""c"": 4.76580004, ""alpha"": 90.0, ""beta"": 90.0, ""gamma"": 90.0, ""volume"": 72.82143907393863}, ""properties"": {}, ""sites"": [{""species"": [{""element"": ""Sn"", ""occu"": 1}], ""abc"": [0.5, 0.5, 0.5], ""properties"": {""magmom"": -0.0}, ""label"": ""Sn"", ""xyz"": [1.603749885, 2.381918025, 2.38290002]}, {""species"": [{""element"": ""Sn"", ""occu"": 1}], ""abc"": [0.0, -0.0, 0.0], ""properties"": {""magmom"": -0.0}, ""label"": ""Sn"", ""xyz"": [0.0, 0.0, 0.0]}, {""species"": [{""element"": ""O"", ""occu"": 1}], ""abc"": [0.5, 0.19421615, 0.80616074], ""properties"": {""magmom"": 0.0}, ""label"": ""O"", ""xyz"": [1.603749885, 0.9252138968622076, 3.84200088693843]}, {""species"": [{""element"": ""O"", ""occu"": 1}], ""abc"": [0.5, 0.80578385, 0.19383926], ""properties"": {""magmom"": 0.0}, ""label"": ""O"", ""xyz"": [1.603749885, 3.8386221531377926, 0.9237991530615705]}, {""species"": [{""element"": ""O"", ""occu"": 1}], ""abc"": [-0.0, 0.30578385, 0.30616074], ""properties"": {""magmom"": 0.0}, ""label"": ""O"", ""xyz"": [0.0, 1.4567041281377926, 1.4591008669384296]}, {""species"": [{""element"": ""O"", ""occu"": 1}], ""abc"": [-0.0, 0.69421615, 0.6938392600000001], ""properties"": {""magmom"": 0.0}, ""label"": ""O"", ""xyz"": [0.0, 3.3071319218622075, 3.306699173061571]}]}",SnO2,136,0.6678999999999995,0.0,0.0263606891866791,0.0830493591049147,0.0094387111314007
mp-30530,"{""@module"": ""pymatgen.core.structure"", ""@class"": ""Structure"", ""charge"": 0, ""lattice"": {""matrix"": [[4.61161841, -0.0, 2.66251818], [1.53720547, 4.34787395, 2.66251818], [-0.0, -0.0, 5.32503737]], ""pbc"": [true, true, true], ""a"": 5.325037785620065, ""b"": 5.3250363004318615, ""c"": 5.32503737, ""alpha"": 59.999999629955916, ""beta"": 60.00000885611182, ""gamma"": 60.00000385104911, ""volume"": 106.77091611134301}, ""properties"": {}, ""sites"": [{""species"": [{""element"": ""Tl"", ""occu"": 1}], ""abc"": [0.5, 0.5, 0.5], ""properties"": {""magmom"": -0.0}, ""label"": ""Tl"", ""xyz"": [3.07441194, 2.173936975, 5.325036865]}, {""species"": [{""element"": ""Cl"", ""occu"": 1}], ""abc"": [0.0, -0.0, -0.0], ""properties"": {""magmom"": 0.0}, ""label"": ""Cl"", ""xyz"": [0.0, 0.0, 0.0]}, {""species"": [{""element"": ""O"", ""occu"": 1}], ""abc"": [0.11110006, 0.66669881, 0.11110006], ""properties"": {""magmom"": 0.0}, ""label"": ""O"", ""xyz"": [1.5372041396225953, 2.8987223884949995, 2.662515603067699]}, {""species"": [{""element"": ""O"", ""occu"": 1}], ""abc"": [0.66669881, 0.11110006, 0.11110006], ""properties"": {""magmom"": 0.0}, ""label"": ""O"", ""xyz"": [3.24534412607042, 0.48304905671743703, 2.662515603067699]}, {""species"": [{""element"": ""O"", ""occu"": 1}], ""abc"": [0.11110006, 0.11110006, 0.11110006], ""properties"": {""magmom"": 0.0}, ""label"": ""O"", ""xyz"": [0.6831347019974329, 0.48304905671743703, 1.1832238304074238]}, {""species"": [{""element"": ""O"", ""occu"": 1}], ""abc"": [0.11110006, 0.11110006, 0.66669881], ""properties"": {""magmom"": 0.0}, ""label"": ""O"", ""xyz"": [0.6831347019974329, 0.48304905671743703, 4.141807936882712]}]}",TlClO4,216,4.603,0.0,0.0018432851284745,0.0027471628895607,0.0012423177330242
mp-985586,"{""@module"": ""pymatgen.core.structure"", ""@class"": ""Structure"", ""charge"": 0, ""lattice"": {""matrix"": [[4.53313, 0.0, 0.0], [0.0, 4.53313, 0.0], [0.0, 0.0, 4.53313]], ""pbc"": [true, true, true], ""a"": 4.53313, ""b"": 4.53313, ""c"": 4.53313, ""alpha"": 90.0, ""beta"": 90.0, ""gamma"": 90.0, ""volume"": 93.15250142153529}, ""properties"": {}, ""sites"": [{""species"": [{""element"": ""Na"", ""occu"": 1}], ""abc"": [0.0, 0.5, 0.5], ""properties"": {""magmom"": -0.0}, ""label"": ""Na"", ""xyz"": [0.0, 2.266565, 2.266565]}, {""species"": [{""element"": ""Na"", ""occu"": 1}], ""abc"": [0.5, 0.0, 0.5], ""properties"": {""magmom"": -0.0}, ""label"": ""Na"", ""xyz"": [2.266565, 0.0, 2.266565]}, {""species"": [{""element"": ""Na"", ""occu"": 1}], ""abc"": [0.5, 0.5, 0.0], ""properties"": {""magmom"": -0.0}, ""label"": ""Na"", ""xyz"": [2.266565, 2.266565, 0.0]}, {""species"": [{""element"": ""Br"", ""occu"": 1}], ""abc"": [0.0, 0.0, 0.0], ""properties"": {""magmom"": 0.001}, ""label"": ""Br"", ""xyz"": [0.0, 0.0, 0.0]}, {""species"": [{""element"": ""O"", ""occu"": 1}], ""abc"": [0.5, 0.5, 0.5], ""properties"": {""magmom"": 0.057}, ""label"": ""O"", ""xyz"": [2.266565, 2.266565, 2.266565]}]}",Na3BrO,221,1.8698,0.0,0.0080844389842337,0.0217537965598928,0.0047233013682585
mp-7650,"{""@module"": ""pymatgen.core.structure"", ""@class"": ""Structure"", ""charge"": 0, ""lattice"": {""matrix"": [[3.25757354, -1e-08, -0.0], [-1.6287877800000001, 2.82114169, -0.0], [0.0, 0.0, 12.8030981]], ""pbc"": [true, true, true], ""a"": 3.25757354, ""b"": 3.25757426121545, ""c"": 12.8030981, ""alpha"": 90.0, ""beta"": 90.0, ""gamma"": 120.00001336467089, ""volume"": 117.66145104830382}, ""properties"": {}, ""sites"": [{""species"": [{""element"": ""Rb"", ""occu"": 1}], ""abc"": [0.333333, 0.666667, 0.75], ""properties"": {""magmom"": 0.0}, ""label"": ""Rb"", ""xyz"": [-2.302120440056399e-06, 1.8807620637139, 9.602323575]}, {""species"": [{""element"": ""Rb"", ""occu"": 1}], ""abc"": [0.666667, 0.333333, 0.25], ""properties"": {""magmom"": 0.0}, ""label"": ""Rb"", ""xyz"": [1.62878806212044, 0.9403796162861, 3.200774525]}, {""species"": [{""element"": ""Sc"", ""occu"": 1}], ""abc"": [0.0, 0.0, 0.0], ""properties"": {""magmom"": -0.0}, ""label"": ""Sc"", ""xyz"": [0.0, 0.0, 0.0]}, {""species"": [{""element"": ""Sc"", ""occu"": 1}], ""abc"": [0.0, 0.0, 0.5], ""properties"": {""magmom"": -0.0}, ""label"": ""Sc"", ""xyz"": [0.0, 0.0, 6.40154905]}, {""species"": [{""element"": ""O"", ""occu"": 1}], ""abc"": [0.333333, 0.666667, 0.41577637], ""properties"": {""magmom"": 0.0}, ""label"": ""O"", ""xyz"": [-2.302120440056399e-06, 1.8807620637139, 5.323225652771897]}, {""species"": [{""element"": ""O"", ""occu"": 1}], ""abc"": [0.666667, 0.333333, 0.91577637], ""properties"": {""magmom"": 0.0}, ""label"": ""O"", ""xyz"": [1.62878806212044, 0.9403796162861, 11.724774702771898]}, {""species"": [{""element"": ""O"", ""occu"": 1}], ""abc"": [0.333333, 0.666667, 0.08422363000000001], ""properties"": {""magmom"": 0.0}, ""label"": ""O"", ""xyz"": [-2.302120440056399e-06, 1.8807620637139, 1.078323397228103]}, {""species"": [{""element"": ""O"", ""occu"": 1}], ""abc"": [0.666667, 0.333333, 0.58422363], ""properties"": {""magmom"": 0.0}, ""label"": ""O"", ""xyz"": [1.62878806212044, 0.9403796162861, 7.479872447228103]}]}",RbScO2,194,3.4572,0.0,0.0037046869280048,0.0056951211327871,0.002522767928406
mp-6951,"{""@module"": ""pymatgen.core.structure"", ""@class"": ""Structure"", ""charge"": 0, ""lattice"": {""matrix"": [[4.42498073, 0.0, -0.0], [-0.0, 4.42498073, 0.0], [0.0, -0.0, 4.42498073]], ""pbc"": [true, true, true], ""a"": 4.42498073, ""b"": 4.42498073, ""c"": 4.42498073, ""alpha"": 90.0, ""beta"": 90.0, ""gamma"": 90.0, ""volume"": 86.64313367399816}, ""properties"": {}, ""sites"": [{""species"": [{""element"": ""Rb"", ""occu"": 1}], ""abc"": [-0.0, 0.0, 0.0], ""properties"": {""magmom"": 0.0}, ""label"": ""Rb"", ""xyz"": [0.0, 0.0, 0.0]}, {""species"": [{""element"": ""Cd"", ""occu"": 1}], ""abc"": [0.5, 0.5, 0.5], ""properties"": {""magmom"": -0.0}, ""label"": ""Cd"", ""xyz"": [2.212490365, 2.212490365, 2.212490365]}, {""species"": [{""element"": ""F"", ""occu"": 1}], ""abc"": [0.0, 0.5, 0.5], ""properties"": {""magmom"": 0.0}, ""label"": ""F"", ""xyz"": [0.0, 2.212490365, 2.212490365]}, {""species"": [{""element"": ""F"", ""occu"": 1}], ""abc"": [0.5, 0.0, 0.5], ""properties"": {""magmom"": 0.0}, ""label"": ""F"", ""xyz"": [2.212490365, 0.0, 2.212490365]}, {""species"": [{""element"": ""F"", ""occu"": 1}], ""abc"": [0.5, 0.5, 0.0], ""properties"": {""magmom"": 0.0}, ""label"": ""F"", ""xyz"": [2.212490365, 2.212490365, 0.0]}]}",RbCdF3,221,3.1788,0.0,0.001187581865161,0.0018207598204268,0.0008683690974573
mp-9517,"{""@module"": ""pymatgen.core.structure"", ""@class"": ""Structure"", ""charge"": 0, ""lattice"": {""matrix"": [[3.8876311, -0.0, 0.0], [0.0, 3.8876311, 0.0], [0.0, 0.0, 7.71043072]], ""pbc"": [true, true, true], ""a"": 3.8876311, ""b"": 3.8876311, ""c"": 7.71043072, ""alpha"": 90.0, ""beta"": 90.0, ""gamma"": 90.0, ""volume"": 116.53294840462976}, ""properties"": {}, ""sites"": [{""species"": [{""element"": ""Sr"", ""occu"": 1}], ""abc"": [0.75, 0.75, 0.16174631], ""properties"": {""magmom"": 0.0}, ""label"": ""Sr"", ""xyz"": [2.915723325, 2.915723325, 1.2471337174706432]}, {""species"": [{""element"": ""Sr"", ""occu"": 1}], ""abc"": [0.25, 0.25, 0.83825369], ""properties"": {""magmom"": 0.0}, ""label"": ""Sr"", ""xyz"": [0.971907775, 0.971907775, 6.463297002529357]}, {""species"": [{""element"": ""Ti"", ""occu"": 1}], ""abc"": [0.25, 0.25, 0.41339447], ""properties"": {""magmom"": 0.0}, ""label"": ""Ti"", ""xyz"": [0.971907775, 0.971907775, 3.1874494209661184]}, {""species"": [{""element"": ""Ti"", ""occu"": 1}], ""abc"": [0.75, 0.75, 0.58660553], ""properties"": {""magmom"": 0.0}, ""label"": ""Ti"", ""xyz"": [2.915723325, 2.915723325, 4.522981299033882]}, {""species"": [{""element"": ""N"", ""occu"": 1}], ""abc"": [0.75, 0.75, 0.82419646], ""properties"": {""magmom"": -0.0}, ""label"": ""N"", ""xyz"": [2.915723325, 2.915723325, 6.354909704499251]}, {""species"": [{""element"": ""N"", ""occu"": 1}], ""abc"": [0.25, 0.25, 0.17580354], ""properties"": {""magmom"": -0.0}, ""label"": ""N"", ""xyz"": [0.971907775, 0.971907775, 1.3555210155007489]}, {""species"": [{""element"": ""N"", ""occu"": 1}], ""abc"": [0.75, 0.25, 0.5], ""properties"": {""magmom"": 0.0}, ""label"": ""N"", ""xyz"": [2.915723325, 0.971907775, 3.85521536]}, {""species"": [{""element"": ""N"", ""occu"": 1}], ""abc"": [0.25, 0.75, 0.5], ""properties"": {""magmom"": 0.0}, ""label"": ""N"", ""xyz"": [0.971907775, 2.915723325, 3.85521536]}]}",SrTiN2,129,0.7856999999999998,0.0,0.1754811132392938,0.2774212333338917,0.511263699599127
mp-14437,"{""@module"": ""pymatgen.core.structure"", ""@class"": ""Structure"", ""charge"": 0, ""lattice"": {""matrix"": [[6.586025, -1.7406724900000001, 0.00207301], [6.586025, 1.7406724900000001, 0.00207301], [6.12503054, -0.0, 2.9815538200000002]], ""pbc"": [true, true, true], ""a"": 6.812170749139972, ""b"": 6.812170749139972, ""c"": 6.8121701606381855, ""alpha"": 29.60926356325227, ""beta"": 29.60926356325227, ""gamma"": 29.609262708617425, ""volume"": 68.3175335429421}, ""properties"": {}, ""sites"": [{""species"": [{""element"": ""Rb"", ""occu"": 1}], ""abc"": [0.0, 0.0, 0.0], ""properties"": {""magmom"": 0.0}, ""label"": ""Rb"", ""xyz"": [0.0, 0.0, 0.0]}, {""species"": [{""element"": ""Y"", ""occu"": 1}], ""abc"": [0.5, 0.5, 0.5], ""properties"": {""magmom"": 0.0}, ""label"": ""Y"", ""xyz"": [9.64854027, 0.0, 1.49284992]}, {""species"": [{""element"": ""O"", ""occu"": 1}], ""abc"": [0.77470617, 0.77470617, 0.77470617], ""properties"": {""magmom"": -0.0}, ""label"": ""O"", ""xyz"": [14.94956735732493, 0.0, 2.3130400878160127]}, {""species"": [{""element"": ""O"", ""occu"": 1}], ""abc"": [0.22529383, 0.22529383, 0.22529383], ""properties"": {""magmom"": -0.0}, ""label"": ""O"", ""xyz"": [4.347513182675068, 0.0, 0.6726597521839873]}]}",RbYO2,166,3.6424,0.0,0.0030987933960868,0.0045719411168286,0.0021006790440528
mp-28872,"{""@module"": ""pymatgen.core.structure"", ""@class"": ""Structure"", ""charge"": 0, ""lattice"": {""matrix"": [[4.46319872, -0.0016979900000000001, 0.18389004], [0.17639998, 4.4597113, 0.18389004], [-0.00176766, -0.0016979900000000001, 4.46698541]], ""pbc"": [true, true, true], ""a"": 4.466985700020864, ""b"": 4.46698526739264, ""c"": 4.466986082465983, ""alpha"": 87.6633265073574, ""beta"": 87.66333298226868, ""gamma"": 87.66332228038118, ""volume"": 88.91758517584954}, ""properties"": {}, ""sites"": [{""species"": [{""element"": ""Rb"", ""occu"": 1}], ""abc"": [0.0018295100000000001, 0.0018295100000000001, 0.0018295100000000001], ""properties"": {""magmom"": 0.0}, ""label"": ""Rb"", ""xyz"": [0.0084849582659904, 0.008152873441093202, 0.008845251811609901]}, {""species"": [{""element"": ""Br"", ""occu"": 1}], ""abc"": [0.47342567, 0.47342567, 0.47342567], ""properties"": {""magmom"": 0.0}, ""label"": ""Br"", ""xyz"": [2.195668267458797, 2.109734066102265, 2.288902091396128]}, {""species"": [{""element"": ""O"", ""occu"": 1}], ""abc"": [0.10317306, 0.52876638, 0.52876638], ""properties"": {""magmom"": -0.0}, ""label"": ""O"", ""xyz"": [0.5528215690078848, 2.357072373096368, 2.4781990736576933]}, {""species"": [{""element"": ""O"", ""occu"": 1}], ""abc"": [0.52876638, 0.52876638, 0.10317306], ""properties"": {""magmom"": -0.0}, ""label"": ""O"", ""xyz"": [2.4530814343604663, 2.357072373096368, 0.655342295262765]}, {""species"": [{""element"": ""O"", ""occu"": 1}], ""abc"": [0.52876638, 0.10317306, 0.52876638], ""properties"": {""magmom"": -0.0}, ""label"": ""O"", ""xyz"": [2.3772544769363018, 0.4583263814864256, 2.4781990736576933]}]}",RbBrO3,160,3.9776,0.0,0.0031884547726107,0.0048770428929977,0.0020916281371998
mp-643101,"{""@module"": ""pymatgen.core.structure"", ""@class"": ""Structure"", ""charge"": 0, ""lattice"": {""matrix"": [[4.26079592, 4.26079592, -0.0], [-0.0, 4.26079592, 4.26079592], [4.26079592, 0.0, 4.26079592]], ""pbc"": [true, true, true], ""a"": 6.025675376567948, ""b"": 6.025675376567948, ""c"": 6.025675376567948, ""alpha"": 60.00000000000001, ""beta"": 60.00000000000001, ""gamma"": 60.00000000000001, ""volume"": 154.70423241973018}, ""properties"": {}, ""sites"": [{""species"": [{""element"": ""Rb"", ""occu"": 1}], ""abc"": [0.75, 0.75, 0.75], ""properties"": {""magmom"": 0.0}, ""label"": ""Rb"", ""xyz"": [6.391193879999999, 6.391193879999999, 6.391193879999999]}, {""species"": [{""element"": ""Rb"", ""occu"": 1}], ""abc"": [0.25, 0.25, 0.25], ""properties"": {""magmom"": 0.0}, ""label"": ""Rb"", ""xyz"": [2.13039796, 2.13039796, 2.13039796]}, {""species"": [{""element"": ""H"", ""occu"": 1}], ""abc"": [0.19269466000000002, 0.80730534, 0.80730534], ""properties"": {""magmom"": -0.0}, ""label"": ""H"", ""xyz"": [4.26079592, 4.26079592, 6.879526597732425]}, {""species"": [{""element"": ""H"", ""occu"": 1}], ""abc"": [0.19269466000000002, 0.19269466000000002, 0.80730534], ""properties"": {""magmom"": -0.0}, ""label"": ""H"", ""xyz"": [4.26079592, 1.6420652422675743, 4.26079592]}, {""species"": [{""element"": ""H"", ""occu"": 1}], ""abc"": [0.19269466000000002, 0.80730534, 0.19269466000000002], ""properties"": {""magmom"": -0.0}, ""label"": ""H"", ""xyz"": [1.6420652422675743, 4.26079592, 4.26079592]}, {""species"": [{""element"": ""H"", ""occu"": 1}], ""abc"": [0.80730534, 0.19269466000000002, 0.19269466000000002], ""properties"": {""magmom"": -0.0}, ""label"": ""H"", ""xyz"": [4.26079592, 4.26079592, 1.6420652422675743]}, {""species"": [{""element"": ""H"", ""occu"": 1}], ""abc"": [0.80730534, 0.80730534, 0.19269466000000002], ""properties"": {""magmom"": -0.0}, ""label"": ""H"", ""xyz"": [4.26079592, 6.879526597732425, 4.26079592]}, {""species"": [{""element"": ""H"", ""occu"": 1}], ""abc"": [0.80730534, 0.19269466000000002, 0.80730534], ""properties"": {""magmom"": -0.0}, ""label"": ""H"", ""xyz"": [6.879526597732425, 4.26079592, 4.26079592]}, {""species"": [{""element"": ""Pt"", ""occu"": 1}], ""abc"": [0.0, 0.0, -0.0], ""properties"": {""magmom"": 0.0}, ""label"": ""Pt"", ""xyz"": [0.0, 0.0, 0.0]}]}",Rb2H6Pt,225,4.0595,0.000279988611112,0.0031787521693599,0.0049369031400417,0.0022413958655515
mp-28166,"{""@module"": ""pymatgen.core.structure"", ""@class"": ""Structure"", ""charge"": 0, ""lattice"": {""matrix"": [[5.19026401, 0.0, 0.0], [0.0, 5.19026401, 0.0], [-0.0, -0.0, 5.19026401]], ""pbc"": [true, true, true], ""a"": 5.19026401, ""b"": 5.19026401, ""c"": 5.19026401, ""alpha"": 90.0, ""beta"": 90.0, ""gamma"": 90.0, ""volume"": 139.8196942845503}, ""properties"": {}, ""sites"": [{""species"": [{""element"": ""K"", ""occu"": 1}], ""abc"": [-0.0, 0.0, 0.5], ""properties"": {""magmom"": -0.0}, ""label"": ""K"", ""xyz"": [0.0, 0.0, 2.595132005]}, {""species"": [{""element"": ""K"", ""occu"": 1}], ""abc"": [-0.0, 0.5, -0.0], ""properties"": {""magmom"": -0.0}, ""label"": ""K"", ""xyz"": [0.0, 2.595132005, 0.0]}, {""species"": [{""element"": ""K"", ""occu"": 1}], ""abc"": [0.5, -0.0, -0.0], ""properties"": {""magmom"": -0.0}, ""label"": ""K"", ""xyz"": [2.595132005, 0.0, 0.0]}, {""species"": [{""element"": ""Br"", ""occu"": 1}], ""abc"": [0.5, 0.5, 0.5], ""properties"": {""magmom"": -0.0}, ""label"": ""Br"", ""xyz"": [2.595132005, 2.595132005, 2.595132005]}, {""species"": [{""element"": ""O"", ""occu"": 1}], ""abc"": [0.0, -0.0, 0.0], ""properties"": {""magmom"": 0.0}, ""label"": ""O"", ""xyz"": [0.0, 0.0, 0.0]}]}",K3BrO,221,0.8851,0.0,0.1414858567805564,0.148139652971818,0.0592138542500843
mp-1391273,"{""@module"": ""pymatgen.core.structure"", ""@class"": ""Structure"", ""charge"": 0, ""lattice"": {""matrix"": [[4.5839349, -2.4248359600000002, 0.07416047], [4.58394303, 2.42482172, 0.07413738], [3.23689622, 1.4230000000000001e-05, 4.0521956]], ""pbc"": [true, true, true], ""a"": 5.186307778724451, ""b"": 5.186307976507239, ""c"": 5.186307580534743, ""alpha"": 55.75001624542755, ""beta"": 55.750019296850695, ""gamma"": 55.750022741318666, ""volume"": 88.91849747191512}, ""properties"": {}, ""sites"": [{""species"": [{""element"": ""Zn"", ""occu"": 1}], ""abc"": [0.5, 0.5, 0.5], ""properties"": {""magmom"": -0.0}, ""label"": ""Zn"", ""xyz"": [6.202387075, -5.000000027104159e-09, 2.100246725]}, {""species"": [{""element"": ""Ni"", ""occu"": 1}], ""abc"": [0.0, -0.0, 0.0], ""properties"": {""magmom"": -0.0}, ""label"": ""Ni"", ""xyz"": [0.0, 0.0, 0.0]}, {""species"": [{""element"": ""F"", ""occu"": 1}], ""abc"": [0.9025986300000001, 0.23031184000000002, 0.6300471], ""properties"": {""magmom"": 0.0}, ""label"": ""F"", ""xyz"": [7.232586790855625, -1.6301794978953372, 2.6370859414354952]}, {""species"": [{""element"": ""F"", ""occu"": 1}], ""abc"": [0.23031184000000002, 0.6300471, 0.9025986300000001], ""properties"": {""magmom"": 0.0}, ""label"": ""F"", ""xyz"": [6.8654525875001085, 0.9692963050357504, 3.721296272623591]}, {""species"": [{""element"": ""F"", ""occu"": 1}], ""abc"": [0.3699529, 0.09740137, 0.7696881600000001], ""properties"": {""magmom"": 0.0}, ""label"": ""F"", ""xyz"": [4.633723036472917, -0.6608831852300108, 3.15358393864617]}, {""species"": [{""element"": ""F"", ""occu"": 1}], ""abc"": [0.7696881600000001, 0.3699529, 0.09740137], ""properties"": {""magmom"": 0.0}, ""label"": ""F"", ""xyz"": [5.539321562499892, -0.9692963150357509, 0.4791971773764092]}, {""species"": [{""element"": ""F"", ""occu"": 1}], ""abc"": [0.09740137, 0.7696881600000001, 0.3699529], ""properties"": {""magmom"": 0.0}, ""label"": ""F"", ""xyz"": [5.1721873591443766, 1.6301794878953373, 1.5634075085645047]}, {""species"": [{""element"": ""F"", ""occu"": 1}], ""abc"": [0.6300471, 0.9025986300000001, 0.23031184000000002], ""properties"": {""magmom"": 0.0}, ""label"": ""F"", ""xyz"": [7.771051113527084, 0.6608831752300108, 1.0469095113538305]}]}",ZnNiF6,148,1.0322,0.0,0.205923836440934,1.006964499910707,0.0550998170950288
mp-20731,"{""@module"": ""pymatgen.core.structure"", ""@class"": ""Structure"", ""charge"": 0, ""lattice"": {""matrix"": [[5.43724699, 1.3240000000000002e-05, -2.38646674], [-1.04745419, 5.33540614, -2.38645554], [-0.08224211000000001, -0.09997375, 7.19987616]], ""pbc"": [true, true, true], ""a"": 5.93791868684353, ""b"": 5.9379195854520415, ""c"": 7.201039871760373, ""alpha"": 114.34913999791036, ""beta"": 114.34913937778248, ""gamma"": 89.99999955842887, ""volume"": 206.27363101993924}, ""properties"": {}, ""sites"": [{""species"": [{""element"": ""In"", ""occu"": 1}], ""abc"": [0.25, 0.75, 0.5], ""properties"": {""magmom"": 0.0}, ""label"": ""In"", ""xyz"": [0.53260005, 3.95157104, 1.21347974]}, {""species"": [{""element"": ""In"", ""occu"": 1}], ""abc"": [0.5, 0.5, 0.0], ""properties"": {""magmom"": 0.0}, ""label"": ""In"", ""xyz"": [2.1948964, 2.66770969, -2.3864611399999998]}, {""species"": [{""element"": ""Hg"", ""occu"": 1}], ""abc"": [0.0, 0.0, 0.0], ""properties"": {""magmom"": 0.0}, ""label"": ""Hg"", ""xyz"": [0.0, 0.0, 0.0]}, {""species"": [{""element"": ""Se"", ""occu"": 1}], ""abc"": [0.86276349, 0.89995771, 0.27457655000000003], ""properties"": {""magmom"": -0.0}, ""label"": ""Se"", ""xyz"": [3.7258119600935697, 4.774200867297385, -2.229748279726488]}, {""species"": [{""element"": ""Se"", ""occu"": 1}], ""abc"": [0.62538116, 0.13723651, 0.72542345], ""properties"": {""magmom"": -0.0}, ""label"": ""Se"", ""xyz"": [3.196942517220752, 0.6596974954982923, 3.4029988358175682]}, {""species"": [{""element"": ""Se"", ""occu"": 1}], ""abc"": [0.10004229, 0.58818694, 0.72542345], ""properties"": {""magmom"": -0.0}, ""label"": ""Se"", ""xyz"": [-0.13180458980255105, 3.065694233069294, 3.5805294243628696]}, {""species"": [{""element"": ""Se"", ""occu"": 1}], ""abc"": [0.41181306, 0.37461884, 0.27457655000000003], ""properties"": {""magmom"": -0.0}, ""label"": ""Se"", ""xyz"": [1.8241514924882292, 1.9712986641350294, 0.10012777954605001]}]}",In2HgSe4,82,0.6416000000000004,0.0,0.2075048688746309,0.452797508660148,0.2083832415888672
mp-9082,"{""@module"": ""pymatgen.core.structure"", ""@class"": ""Structure"", ""charge"": 0, ""lattice"": {""matrix"": [[8.19395767, -2.08644378, 0.010704499999999001], [8.19395767, 2.08644378, 0.010704499999999001], [7.65801325, -0.0, 3.5845683]], ""pbc"": [true, true, true], ""a"": 8.455430475805047, ""b"": 8.455430475805047, ""c"": 8.455430020675498, ""alpha"": 28.57147853118647, ""beta"": 28.57147853118647, ""gamma"": 28.57148114670627, ""volume"": 122.2231493506318}, ""properties"": {}, ""sites"": [{""species"": [{""element"": ""Cs"", ""occu"": 1}], ""abc"": [-0.0, -0.0, 0.0], ""properties"": {""magmom"": 0.0}, ""label"": ""Cs"", ""xyz"": [0.0, 0.0, 0.0]}, {""species"": [{""element"": ""Sm"", ""occu"": 1}], ""abc"": [0.5, 0.5, 0.5], ""properties"": {""magmom"": 0.0}, ""label"": ""Sm"", ""xyz"": [12.022964295, 0.0, 1.802988649999999]}, {""species"": [{""element"": ""S"", ""occu"": 1}], ""abc"": [0.77170362, 0.77170362, 0.77170362], ""properties"": {""magmom"": -0.0}, ""label"": ""S"", ""xyz"": [18.556330139164498, 0.0, 2.7827457360478247]}, {""species"": [{""element"": ""S"", ""occu"": 1}], ""abc"": [0.22829638, 0.22829638, 0.22829638], ""properties"": {""magmom"": -0.0}, ""label"": ""S"", ""xyz"": [5.489598450835504, 0.0, 0.8232315639521736]}]}",CsSmS2,166,2.1711,0.0,0.0105476396758096,0.0186775126107141,0.0068400980825292
mp-1852,"{""@module"": ""pymatgen.core.structure"", ""@class"": ""Structure"", ""charge"": 0, ""lattice"": {""matrix"": [[4.02918759, -0.0, 1.95387002], [2.08376053, 4.53372536, 0.83430241], [0.03552608, 0.15475685, 5.05808413]], ""pbc"": [true, true, true], ""a"": 4.477941568451381, ""b"": 5.0589311220479, ""c"": 5.060575743049396, ""alpha"": 78.74749671154669, ""beta"": 63.740716927551944, ""gamma"": 63.731526274176396, ""volume"": 92.1923369442343}, ""properties"": {}, ""sites"": [{""species"": [{""element"": ""U"", ""occu"": 1}], ""abc"": [0.0, 0.0, -0.0], ""properties"": {""magmom"": 1.096}, ""label"": ""U"", ""xyz"": [0.0, 0.0, 0.0]}, {""species"": [{""element"": ""F"", ""occu"": 1}], ""abc"": [0.70636968, 0.17979516, 0.40746548], ""properties"": {""magmom"": -0.028}, ""label"": ""F"", ""xyz"": [3.235221657741025, 0.8781999506657957, 3.5911527539941615]}, {""species"": [{""element"": ""F"", ""occu"": 1}], ""abc"": [0.5, 0.0, -0.0], ""properties"": {""magmom"": -0.017}, ""label"": ""F"", ""xyz"": [2.014593795, 0.0, 0.97693501]}, {""species"": [{""element"": ""F"", ""occu"": 1}], ""abc"": [0.29363032, 0.82020484, 0.5925345200000001], ""properties"": {""magmom"": -0.028}, ""label"": ""F"", ""xyz"": [2.913252542258976, 3.8102822593342043, 4.255103806005839]}, {""species"": [{""element"": ""F"", ""occu"": 1}], ""abc"": [0.88634435, 0.40734431, 0.81996798], ""properties"": {""magmom"": -0.028}, ""label"": ""F"", ""xyz"": [4.44918589883962, 1.9736828901843646, 6.219117019140333]}, {""species"": [{""element"": ""F"", ""occu"": 1}], ""abc"": [0.11365565, 0.59265569, 0.18003202000000001], ""properties"": {""magmom"": -0.028}, ""label"": ""F"", ""xyz"": [1.6992883011603808, 2.7147993198156355, 1.6271395408596687]}]}",UF5,87,0.69,0.0,0.0080414886530371,0.0048324255033008,0.01356741103666
mp-1006888,"{""@module"": ""pymatgen.core.structure"", ""@class"": ""Structure"", ""charge"": 0, ""lattice"": {""matrix"": [[-2.02233921, -3.50279292, -0.0], [-4.0446774, -1e-08, -0.0], [-2.02233921, -1.167597639999999, -7.31350573]], ""pbc"": [true, true, true], ""a"": 4.044677257916328, ""b"": 4.0446774, ""c"": 7.677272054055387, ""alpha"": 74.72697022008033, ""beta"": 74.72697174077852, ""gamma"": 59.999990354143094, ""volume"": 103.6153162731448}, ""properties"": {}, ""sites"": [{""species"": [{""element"": ""K"", ""occu"": 1}], ""abc"": [0.5, 0.5, 0.5], ""properties"": {""magmom"": -0.0}, ""label"": ""K"", ""xyz"": [-4.044677910000001, -2.3351952849999993, -3.656752865]}, {""species"": [{""element"": ""Y"", ""occu"": 1}], ""abc"": [-0.0, -0.0, 0.0], ""properties"": {""magmom"": -0.0}, ""label"": ""Y"", ""xyz"": [0.0, 0.0, 0.0]}, {""species"": [{""element"": ""S"", ""occu"": 1}], ""abc"": [0.73422675, 0.73422675, 0.79731976], ""properties"": {""magmom"": 0.0}, ""label"": ""S"", ""xyz"": [-6.067016901312108, -3.502792939018243, -5.831202633402225]}, {""species"": [{""element"": ""S"", ""occu"": 1}], ""abc"": [0.26577325, 0.26577325, 0.20268024], ""properties"": {""magmom"": 0.0}, ""label"": ""S"", ""xyz"": [-2.0223389186878933, -1.167597630981756, -1.4823030965977753]}]}",KYS2,166,2.3587,0.0,0.0095717056550424,0.0158228937621814,0.0061985658849759
mp-1080135,"{""@module"": ""pymatgen.core.structure"", ""@class"": ""Structure"", ""charge"": 0, ""lattice"": {""matrix"": [[4.153937, 0.0, 0.0], [0.0, 4.153937, 0.0], [0.0, 0.0, 9.174868]], ""pbc"": [true, true, true], ""a"": 4.153937, ""b"": 4.153937, ""c"": 9.174868, ""alpha"": 90.0, ""beta"": 90.0, ""gamma"": 90.0, ""volume"": 158.31411441929237}, ""properties"": {}, ""sites"": [{""species"": [{""element"": ""Sr"", ""occu"": 1}], ""abc"": [0.0, 0.5, 0.8461900000000001], ""properties"": {""magmom"": -0.0}, ""label"": ""Sr"", ""xyz"": [0.0, 2.0769685, 7.763681552920001]}, {""species"": [{""element"": ""Sr"", ""occu"": 1}], ""abc"": [0.5, 0.0, 0.15381], ""properties"": {""magmom"": -0.0}, ""label"": ""Sr"", ""xyz"": [2.0769685, 0.0, 1.41118644708]}, {""species"": [{""element"": ""Zn"", ""occu"": 1}], ""abc"": [0.5, 0.5, 0.5], ""properties"": {""magmom"": 0.0}, ""label"": ""Zn"", ""xyz"": [2.0769685, 2.0769685, 4.587434]}, {""species"": [{""element"": ""Zn"", ""occu"": 1}], ""abc"": [0.0, 0.0, 0.5], ""properties"": {""magmom"": 0.0}, ""label"": ""Zn"", ""xyz"": [0.0, 0.0, 4.587434]}, {""species"": [{""element"": ""As"", ""occu"": 1}], ""abc"": [0.0, 0.5, 0.329689], ""properties"": {""magmom"": -0.0}, ""label"": ""As"", ""xyz"": [0.0, 2.0769685, 3.024853056052]}, {""species"": [{""element"": ""As"", ""occu"": 1}], ""abc"": [0.5, 0.0, 0.670311], ""properties"": {""magmom"": -0.0}, ""label"": ""As"", ""xyz"": [2.0769685, 0.0, 6.150014943948]}, {""species"": [{""element"": ""F"", ""occu"": 1}], ""abc"": [0.5, 0.5, 0.0], ""properties"": {""magmom"": 0.0}, ""label"": ""F"", ""xyz"": [2.0769685, 2.0769685, 0.0]}, {""species"": [{""element"": ""F"", ""occu"": 1}], ""abc"": [0.0, 0.0, 0.0], ""properties"": {""magmom"": 0.0}, ""label"": ""F"", ""xyz"": [0.0, 0.0, 0.0]}]}",SrZnAsF,129,0.7117999999999998,0.0,0.0366200117576457,0.1274035435661425,0.0218024151726015
mp-9307,"{""@module"": ""pymatgen.core.structure"", ""@class"": ""Structure"", ""charge"": 0, ""lattice"": {""matrix"": [[4.01633594, 1e-08, -1.21727145], [-0.36893039, 3.99935436, -1.21727145], [-0.02929384, -0.03212048, 7.1378452]], ""pbc"": [true, true, true], ""a"": 4.1967492379126945, ""b"": 4.1967481116337755, ""c"": 7.137977581462442, ""alpha"": 107.09597893285121, ""beta"": 107.09597442137293, ""gamma"": 89.99999532119283, ""volume"": 114.33935544170629}, ""properties"": {}, ""sites"": [{""species"": [{""element"": ""Ba"", ""occu"": 1}], ""abc"": [0.65471746, 0.65471746, 0.30943491], ""properties"": {""magmom"": -0.0}, ""label"": ""Ba"", ""xyz"": [2.3789555605419483, 2.6085079369283433, 0.6147607433068982]}, {""species"": [{""element"": ""Ba"", ""occu"": 1}], ""abc"": [0.34528254, 0.34528254, 0.69056509], ""properties"": {""magmom"": -0.0}, ""label"": ""Ba"", ""xyz"": [1.2391561494580516, 1.3587259530716564, 4.088541556693102]}, {""species"": [{""element"": ""Zn"", ""occu"": 1}], ""abc"": [0.0, 0.0, 0.0], ""properties"": {""magmom"": -0.0}, ""label"": ""Zn"", ""xyz"": [0.0, 0.0, 0.0]}, {""species"": [{""element"": ""N"", ""occu"": 1}], ""abc"": [0.85929431, 0.85929431, 0.71858963], ""properties"": {""magmom"": -0.0}, ""label"": ""N"", ""xyz"": [3.1131445857305415, 3.4135410099760124, 3.0371926798443774]}, {""species"": [{""element"": ""N"", ""occu"": 1}], ""abc"": [0.14070569, 0.14070569, 0.28141037], ""properties"": {""magmom"": -0.0}, ""label"": ""N"", ""xyz"": [0.5049671242694587, 0.5536928800239876, 1.666109620155623]}]}",Ba2ZnN2,139,0.5217,0.0,0.4252974043349876,0.5948645950554101,0.2474026900828614
mp-7077,"{""@module"": ""pymatgen.core.structure"", ""@class"": ""Structure"", ""charge"": 0, ""lattice"": {""matrix"": [[5.04562025, -0.00318172, -0.0], [-1.09234806, 4.92595872, 0.0], [0.0, 0.0, 6.6852625]], ""pbc"": [true, true, true], ""a"": 5.045621253181041, ""b"": 5.0456212298714815, ""c"": 6.6852625, ""alpha"": 90.0, ""beta"": 90.0, ""gamma"": 102.53933749248051, ""volume"": 166.1357359771586}, ""properties"": {}, ""sites"": [{""species"": [{""element"": ""K"", ""occu"": 1}], ""abc"": [0.62691854, 0.37308046, 0.25], ""properties"": {""magmom"": -0.0}, ""label"": ""K"", ""xyz"": [2.7556591638195274, 1.8357842659415222, 1.671315625]}, {""species"": [{""element"": ""K"", ""occu"": 1}], ""abc"": [0.37308046, 0.62691854, 0.75], ""properties"": {""magmom"": -0.0}, ""label"": ""K"", ""xyz"": [1.1976090729082827, 3.0869878112814773, 5.013946875]}, {""species"": [{""element"": ""Au"", ""occu"": 1}], ""abc"": [0.0, -0.0, 0.0], ""properties"": {""magmom"": -0.0}, ""label"": ""Au"", ""xyz"": [0.0, 0.0, 0.0]}, {""species"": [{""element"": ""Au"", ""occu"": 1}], ""abc"": [0.0, -0.0, 0.5], ""properties"": {""magmom"": -0.0}, ""label"": ""Au"", ""xyz"": [0.0, 0.0, 3.34263125]}, {""species"": [{""element"": ""S"", ""occu"": 1}], ""abc"": [0.20387686, 0.7961231400000001, 0.25], ""properties"": {""magmom"": 0.0}, ""label"": ""S"", ""xyz"": [0.1590416458223065, 3.9210210445937816, 1.671315625]}, {""species"": [{""element"": ""S"", ""occu"": 1}], ""abc"": [0.7961231400000001, 0.20387686, 0.75], ""properties"": {""magmom"": 0.0}, ""label"": ""S"", ""xyz"": [3.794230544177694, 1.0017559554062183, 5.013946875]}]}",KAuS,63,2.0924,0.0,0.0096839902733401,0.0161990750377245,0.0062937020270773
mp-1078990,"{""@module"": ""pymatgen.core.structure"", ""@class"": ""Structure"", ""charge"": 0, ""lattice"": {""matrix"": [[-2.00917747, -3.47997807, -0.0], [-2.00917747, 3.47997807, 0.0], [0.0, 0.0, -16.08424867]], ""pbc"": [true, true, true], ""a"": 4.018338148244436, ""b"": 4.018338148244436, ""c"": 16.08424867, ""alpha"": 90.0, ""beta"": 90.0, ""gamma"": 119.99972353387436, ""volume"": 224.91870856091785}, ""properties"": {}, ""sites"": [{""species"": [{""element"": ""Cs"", ""occu"": 1}], ""abc"": [0.66667419, 0.33332581, 0.75], ""properties"": {""magmom"": -0.0}, ""label"": ""Cs"", ""xyz"": [-2.00917747, -1.160045052070027, -12.0631865025]}, {""species"": [{""element"": ""Cs"", ""occu"": 1}], ""abc"": [0.33332581, 0.66667419, 0.25], ""properties"": {""magmom"": -0.0}, ""label"": ""Cs"", ""xyz"": [-2.00917747, 1.160045052070027, -4.0210621675]}, {""species"": [{""element"": ""Tm"", ""occu"": 1}], ""abc"": [0.0, -0.0, 0.5], ""properties"": {""magmom"": -0.0}, ""label"": ""Tm"", ""xyz"": [0.0, 0.0, -8.042124335]}, {""species"": [{""element"": ""Tm"", ""occu"": 1}], ""abc"": [0.0, -0.0, 0.0], ""properties"": {""magmom"": -0.0}, ""label"": ""Tm"", ""xyz"": [0.0, 0.0, 0.0]}, {""species"": [{""element"": ""S"", ""occu"": 1}], ""abc"": [0.66666561, 0.33333439, 0.08970499], ""properties"": {""magmom"": 0.0}, ""label"": ""S"", ""xyz"": [-2.00917747, -1.1599853356463456, -1.4428373660998635]}, {""species"": [{""element"": ""S"", ""occu"": 1}], ""abc"": [0.33333439, 0.66666561, 0.91029501], ""properties"": {""magmom"": 0.0}, ""label"": ""S"", ""xyz"": [-2.00917747, 1.1599853356463456, -14.641411303900139]}, {""species"": [{""element"": ""S"", ""occu"": 1}], ""abc"": [0.33333439, 0.66666561, 0.58970499], ""properties"": {""magmom"": 0.0}, ""label"": ""S"", ""xyz"": [-2.00917747, 1.1599853356463456, -9.484961701099863]}, {""species"": [{""element"": ""S"", ""occu"": 1}], ""abc"": [0.66666561, 0.33333439, 0.41029501], ""properties"": {""magmom"": 0.0}, ""label"": ""S"", ""xyz"": [-2.00917747, -1.1599853356463456, -6.599286968900137]}]}",CsTmS2,194,2.2578,0.0,0.0091839567057955,0.0149382141560684,0.0059938849612359
mp-22981,"{""@module"": ""pymatgen.core.structure"", ""@class"": ""Structure"", ""charge"": 0, ""lattice"": {""matrix"": [[4.50348241, 0.01600736, 0.07984722], [0.07872624, 4.50282279, 0.07984723], [0.01623144, 0.01600738, 4.50416072]], ""pbc"": [true, true, true], ""a"": 4.5042186482558, ""b"": 4.504218742373265, ""c"": 4.504218410273846, ""alpha"": 88.7770587720396, ""beta"": 88.77706450994337, ""gamma"": 88.77707259576104, ""volume"": 91.31995051891965}, ""properties"": {}, ""sites"": [{""species"": [{""element"": ""Tl"", ""occu"": 1}], ""abc"": [0.99124915, 0.99124915, 0.99124915], ""properties"": {""magmom"": 0.0}, ""label"": ""Tl"", ""xyz"": [4.558199830538424, 4.4951538470006, 4.623042472985606]}, {""species"": [{""element"": ""I"", ""occu"": 1}], ""abc"": [0.49813267, 0.49813267, 0.49813267], ""properties"": {""magmom"": 0.0}, ""label"": ""I"", ""xyz"": [2.2906332398667404, 2.2589507268351046, 2.323218628325404]}, {""species"": [{""element"": ""O"", ""occu"": 1}], ""abc"": [0.53810291, 0.09671235, 0.53810291], ""properties"": {""magmom"": -0.0}, ""label"": ""O"", ""xyz"": [2.4396849747293676, 0.45270579841134984, 2.474390225231396]}, {""species"": [{""element"": ""O"", ""occu"": 1}], ""abc"": [0.09671235, 0.53810291, 0.53810291], ""properties"": {""magmom"": -0.0}, ""label"": ""O"", ""xyz"": [0.48663937098961235, 2.433143773675691, 2.4743902296453015]}, {""species"": [{""element"": ""O"", ""occu"": 1}], ""abc"": [0.53810291, 0.53810291, 0.09671235], ""properties"": {""magmom"": -0.0}, ""label"": ""O"", ""xyz"": [2.4672695894984558, 2.4331437648478795, 0.5215400162647414]}]}",TlIO3,160,2.6895,0.0,0.0074724925571782,0.011899099537442,0.0048249809218679
mp-985831,"{""@module"": ""pymatgen.core.structure"", ""@class"": ""Structure"", ""charge"": 0, ""lattice"": {""matrix"": [[3.76632801, 1e-08, 0.0], [-1.88316349, 3.26173522, -0.0], [0.0, 0.0, 6.40983541]], ""pbc"": [true, true, true], ""a"": 3.76632801, ""b"": 3.7663273059384292, ""c"": 6.40983541, ""alpha"": 90.0, ""beta"": 90.0, ""gamma"": 119.99999698514945, ""volume"": 78.74332002833815}, ""properties"": {}, ""sites"": [{""species"": [{""element"": ""Hf"", ""occu"": 1}], ""abc"": [0.0, 0.0, -0.0], ""properties"": {""magmom"": 0.0}, ""label"": ""Hf"", ""xyz"": [0.0, 0.0, 0.0]}, {""species"": [{""element"": ""Se"", ""occu"": 1}], ""abc"": [0.666667, 0.333333, 0.75845479], ""properties"": {""magmom"": 0.0}, ""label"": ""Se"", ""xyz"": [1.8831660598305, 1.08724399275493, 4.861570369826114]}, {""species"": [{""element"": ""Se"", ""occu"": 1}], ""abc"": [0.333333, 0.666667, 0.24154521], ""properties"": {""magmom"": 0.0}, ""label"": ""Se"", ""xyz"": [-1.5398304999969525e-06, 2.17449123724507, 1.5482650401738862]}]}",HfSe2,164,0.5606,0.0,0.130453923921365,0.9951051386506684,0.0565748669880109
mp-10226,"{""@module"": ""pymatgen.core.structure"", ""@class"": ""Structure"", ""charge"": 0, ""lattice"": {""matrix"": [[6.69987445, -1.98776006, -0.00963547], [6.69987445, 1.98776006, -0.00963547], [6.11501341, 0.0, 3.38322706]], ""pbc"": [true, true, true], ""a"": 6.988533504547011, ""b"": 6.988533504547011, ""c"": 6.988534491865664, ""alpha"": 33.04976285078707, ""beta"": 33.04976285078707, ""gamma"": 33.0497562013526, ""volume"": 90.34813763353296}, ""properties"": {}, ""sites"": [{""species"": [{""element"": ""Na"", ""occu"": 1}], ""abc"": [0.0, 0.0, -0.0], ""properties"": {""magmom"": -0.0}, ""label"": ""Na"", ""xyz"": [0.0, 0.0, 0.0]}, {""species"": [{""element"": ""Y"", ""occu"": 1}], ""abc"": [0.5, 0.5, 0.5], ""properties"": {""magmom"": -0.0}, ""label"": ""Y"", ""xyz"": [9.757381155000001, 0.0, 1.6819780599999998]}, {""species"": [{""element"": ""S"", ""occu"": 1}], ""abc"": [0.75708413, 0.75708413, 0.75708413], ""properties"": {""magmom"": 0.0}, ""label"": ""S"", ""xyz"": [14.77431684562314, 0.0, 2.546797792468375]}, {""species"": [{""element"": ""S"", ""occu"": 1}], ""abc"": [0.24291587, 0.24291587, 0.24291587], ""properties"": {""magmom"": 0.0}, ""label"": ""S"", ""xyz"": [4.74044546437686, 0.0, 0.8171583275316243]}]}",NaYS2,166,2.2841,0.0,0.0100501934534342,0.0170164717130869,0.0066955885588975
mp-1018138,"{""@module"": ""pymatgen.core.structure"", ""@class"": ""Structure"", ""charge"": 0, ""lattice"": {""matrix"": [[4.11637123, -1.82e-06, -0.0003117], [-2.05818687, 3.56487418, -2.109999999999999e-06], [-0.00032681, -0.00019231, 7.11923526]], ""pbc"": [true, true, true], ""a"": 4.116371241801681, ""b"": 4.116365036178827, ""c"": 7.11923527009855, ""alpha"": 90.00005463898964, ""beta"": 90.00696872711023, ""gamma"": 120.00009518043032, ""volume"": 104.47009083830956}, ""properties"": {}, ""sites"": [{""species"": [{""element"": ""V"", ""occu"": 1}], ""abc"": [-0.0, -0.0, -0.0], ""properties"": {""magmom"": 2.683}, ""label"": ""V"", ""xyz"": [0.0, 0.0, 0.0]}, {""species"": [{""element"": ""I"", ""occu"": 1}], ""abc"": [0.66660052, 0.33329976, 0.7768433], ""properties"": {""magmom"": -0.039}, ""label"": ""I"", ""xyz"": [2.0577281324660155, 1.1880211006762273, 5.530321730210181]}, {""species"": [{""element"": ""I"", ""occu"": 1}], ""abc"": [0.33339948, 0.66670024, 0.22315669999999901], ""properties"": {""magmom"": -0.039}, ""label"": ""I"", ""xyz"": [0.00012941753398460038, 2.376658949323773, 1.5885997197898125]}]}",VI2,164,1.0780999999999996,0.0,0.2108929082055278,0.4281166419437701,0.032923853903663
mp-22956,"{""@module"": ""pymatgen.core.structure"", ""@class"": ""Structure"", ""charge"": 0, ""lattice"": {""matrix"": [[4.09634545, -0.0, -0.0], [0.0, 7.05764687, -0.0], [0.0, -0.0, 7.05764687]], ""pbc"": [true, true, true], ""a"": 4.09634545, ""b"": 7.05764687, ""c"": 7.05764687, ""alpha"": 90.0, ""beta"": 90.0, ""gamma"": 90.0, ""volume"": 204.04052077882238}, ""properties"": {}, ""sites"": [{""species"": [{""element"": ""K"", ""occu"": 1}], ""abc"": [0.5, 0.5, 0.0], ""properties"": {""magmom"": -0.0}, ""label"": ""K"", ""xyz"": [2.048172725, 3.528823435, 0.0]}, {""species"": [{""element"": ""K"", ""occu"": 1}], ""abc"": [0.5, 0.0, 0.5], ""properties"": {""magmom"": -0.0}, ""label"": ""K"", ""xyz"": [2.048172725, 0.0, 3.528823435]}, {""species"": [{""element"": ""Pd"", ""occu"": 1}], ""abc"": [-0.0, 0.0, -0.0], ""properties"": {""magmom"": -0.0}, ""label"": ""Pd"", ""xyz"": [0.0, 0.0, 0.0]}, {""species"": [{""element"": ""Cl"", ""occu"": 1}], ""abc"": [0.0, 0.23222437, 0.76777563], ""properties"": {""magmom"": 0.0}, ""label"": ""Cl"", ""xyz"": [0.0, 1.638957598068222, 5.418689271931778]}, {""species"": [{""element"": ""Cl"", ""occu"": 1}], ""abc"": [0.0, 0.23222437, 0.23222437], ""properties"": {""magmom"": 0.0}, ""label"": ""Cl"", ""xyz"": [0.0, 1.638957598068222, 1.638957598068222]}, {""species"": [{""element"": ""Cl"", ""occu"": 1}], ""abc"": [-0.0, 0.76777563, 0.76777563], ""properties"": {""magmom"": 0.0}, ""label"": ""Cl"", ""xyz"": [0.0, 5.418689271931778, 5.418689271931778]}, {""species"": [{""element"": ""Cl"", ""occu"": 1}], ""abc"": [-0.0, 0.76777563, 0.23222437], ""properties"": {""magmom"": 0.0}, ""label"": ""Cl"", ""xyz"": [0.0, 5.418689271931778, 1.638957598068222]}]}",K2PdCl4,123,1.4057,0.0,0.0052801221416092,0.0097961843314474,0.0035430731692766
mp-9006,"{""@module"": ""pymatgen.core.structure"", ""@class"": ""Structure"", ""charge"": 0, ""lattice"": {""matrix"": [[3.6319864600000002, -0.0, 0.0], [-1.8159937400000001, 3.14539161, 0.0], [-0.0, 0.0, 6.26982569]], ""pbc"": [true, true, true], ""a"": 3.6319864600000002, ""b"": 3.631985909110549, ""c"": 6.26982569, ""alpha"": 90.0, ""beta"": 90.0, ""gamma"": 120.00001430749178, ""volume"": 71.62661244213267}, ""properties"": {}, ""sites"": [{""species"": [{""element"": ""Ho"", ""occu"": 1}], ""abc"": [0.333333, 0.666667, 0.21337661], ""properties"": {""magmom"": 0.0}, ""label"": ""Ho"", ""xyz"": [-2.1559934000325853e-06, 2.09692878846387, 1.3378341510231109]}, {""species"": [{""element"": ""Ho"", ""occu"": 1}], ""abc"": [0.666667, 0.333333, 0.78662339], ""properties"": {""magmom"": 0.0}, ""label"": ""Ho"", ""xyz"": [1.8159948759934001, 1.04846282153613, 4.93199153897689]}, {""species"": [{""element"": ""C"", ""occu"": 1}], ""abc"": [-0.0, -0.0, 0.0], ""properties"": {""magmom"": 0.0}, ""label"": ""C"", ""xyz"": [0.0, 0.0, 0.0]}, {""species"": [{""element"": ""F"", ""occu"": 1}], ""abc"": [0.666667, 0.333333, 0.3873936], ""properties"": {""magmom"": -0.0}, ""label"": ""F"", ""xyz"": [1.8159948759934001, 1.04846282153613, 2.428890345421584]}, {""species"": [{""element"": ""F"", ""occu"": 1}], ""abc"": [0.333333, 0.666667, 0.6126064], ""properties"": {""magmom"": -0.0}, ""label"": ""F"", ""xyz"": [-2.1559934000325853e-06, 2.09692878846387, 3.840935344578416]}]}",Ho2CF2,164,1.1552999999999995,0.0,0.1466858500504391,0.7081252972817935,0.0396632729474181
mp-1222782,"{""@module"": ""pymatgen.core.structure"", ""@class"": ""Structure"", ""charge"": 0, ""lattice"": {""matrix"": [[3.85885424, -0.0, -0.0], [0.0, 3.85885424, 0.0], [-0.0, 0.0, 5.63272586]], ""pbc"": [true, true, true], ""a"": 3.85885424, ""b"": 3.85885424, ""c"": 5.63272586, ""alpha"": 90.0, ""beta"": 90.0, ""gamma"": 90.0, ""volume"": 83.87554665281081}, ""properties"": {}, ""sites"": [{""species"": [{""element"": ""La"", ""occu"": 1}], ""abc"": [0.0, -0.0, 0.0], ""properties"": {""magmom"": 0.0}, ""label"": ""La"", ""xyz"": [0.0, 0.0, 0.0]}, {""species"": [{""element"": ""Pa"", ""occu"": 1}], ""abc"": [0.5, 0.5, 0.5], ""properties"": {""magmom"": -0.0}, ""label"": ""Pa"", ""xyz"": [1.92942712, 1.92942712, 2.81636293]}, {""species"": [{""element"": ""O"", ""occu"": 1}], ""abc"": [0.5, 0.0, 0.72685159], ""properties"": {""magmom"": -0.0}, ""label"": ""O"", ""xyz"": [1.92942712, 0.0, 4.094155747375117]}, {""species"": [{""element"": ""O"", ""occu"": 1}], ""abc"": [0.0, 0.5, 0.27314841], ""properties"": {""magmom"": -0.0}, ""label"": ""O"", ""xyz"": [0.0, 1.92942712, 1.5385701126248825]}, {""species"": [{""element"": ""O"", ""occu"": 1}], ""abc"": [0.5, -0.0, 0.27314841], ""properties"": {""magmom"": -0.0}, ""label"": ""O"", ""xyz"": [1.92942712, 0.0, 1.5385701126248825]}, {""species"": [{""element"": ""O"", ""occu"": 1}], ""abc"": [-0.0, 0.5, 0.72685159], ""properties"": {""magmom"": -0.0}, ""label"": ""O"", ""xyz"": [0.0, 1.92942712, 4.094155747375117]}]}",LaPaO4,123,2.3844000000000003,0.0,0.0076654048176851,0.0124170469391636,0.0051025245237634
mp-8963,"{""@module"": ""pymatgen.core.structure"", ""@class"": ""Structure"", ""charge"": 0, ""lattice"": {""matrix"": [[4.45130198, 0.0, -1.3511459000000001], [-0.4101263, 4.43236793, -1.3511459000000001], [-0.01462049, -0.01603668, 7.95972993]], ""pbc"": [true, true, true], ""a"": 4.651847435185158, ""b"": 4.65184740634632, ""c"": 7.959759512219642, ""alpha"": 106.99032742836734, ""beta"": 106.99032084365923, ""gamma"": 90.00000203385315, ""volume"": 156.8510486373695}, ""properties"": {}, ""sites"": [{""species"": [{""element"": ""Cs"", ""occu"": 1}], ""abc"": [0.35662697, 0.35662697, 0.71325594], ""properties"": {""magmom"": -0.0}, ""label"": ""Cs"", ""xyz"": [1.430764086657879, 1.5692636875331927, 4.7136145166784384]}, {""species"": [{""element"": ""Cs"", ""occu"": 1}], ""abc"": [0.64337303, 0.64337303, 0.28674406], ""properties"": {""magmom"": -0.0}, ""label"": ""Cs"", ""xyz"": [2.5957911033421213, 2.847067562466807, 0.5438236133215617]}, {""species"": [{""element"": ""Hg"", ""occu"": 1}], ""abc"": [-0.0, -0.0, -0.0], ""properties"": {""magmom"": -0.0}, ""label"": ""Hg"", ""xyz"": [0.0, 0.0, 0.0]}, {""species"": [{""element"": ""F"", ""occu"": 1}], ""abc"": [0.155361399999999, 0.155361399999999, 0.3107238], ""properties"": {""magmom"": 0.0}, ""label"": ""F"", ""xyz"": [0.6232997770800861, 0.6836359087709136, 2.053445693566817]}, {""species"": [{""element"": ""F"", ""occu"": 1}], ""abc"": [0.8446386, 0.8446386, 0.6892762], ""properties"": {""magmom"": 0.0}, ""label"": ""F"", ""xyz"": [3.4032554129199104, 3.732695341229082, 3.2039924364331855]}, {""species"": [{""element"": ""F"", ""occu"": 1}], ""abc"": [0.5, -0.0, -0.0], ""properties"": {""magmom"": -0.0}, ""label"": ""F"", ""xyz"": [2.22565099, 0.0, -0.6755729500000001]}, {""species"": [{""element"": ""F"", ""occu"": 1}], ""abc"": [-0.0, 0.5, -0.0], ""properties"": {""magmom"": -0.0}, ""label"": ""F"", ""xyz"": [-0.20506315, 2.216183965, -0.6755729500000001]}]}",Cs2HgF4,139,2.1062,0.0,0.0028833505519514,0.0047377830591796,0.0019248065145544
mp-28554,"{""@module"": ""pymatgen.core.structure"", ""@class"": ""Structure"", ""charge"": 0, ""lattice"": {""matrix"": [[4.22662324, 0.00365313, 6.64031621], [1.93677843, 3.75676047, 6.64031622], [0.0059866400000000005, 0.00365312, 7.87134787]], ""pbc"": [true, true, true], ""a"": 7.871350375066254, ""b"": 7.871350545964966, ""c"": 7.8713509943146205, ""alpha"": 32.433551288598885, ""beta"": 32.43355304439024, ""gamma"": 32.43354683990631, ""volume"": 124.72406056853306}, ""properties"": {}, ""sites"": [{""species"": [{""element"": ""Ca"", ""occu"": 1}], ""abc"": [0.23128652, 0.23128652, 0.23128652], ""properties"": {""magmom"": 0.0}, ""label"": ""Ca"", ""xyz"": [1.4268963527485812, 0.8705778927166143, 4.8921679146955555]}, {""species"": [{""element"": ""Ca"", ""occu"": 1}], ""abc"": [0.7687134800000001, 0.7687134800000001, 0.7687134800000001], ""properties"": {""magmom"": 0.0}, ""label"": ""Ca"", ""xyz"": [4.742491957251419, 2.893488827283386, 16.259812385304446]}, {""species"": [{""element"": ""As"", ""occu"": 1}], ""abc"": [0.5, 0.5, 0.5], ""properties"": {""magmom"": 0.0}, ""label"": ""As"", ""xyz"": [3.084694155, 1.88203336, 10.57599015]}, {""species"": [{""element"": ""I"", ""occu"": 1}], ""abc"": [0.0, 0.0, -0.0], ""properties"": {""magmom"": -0.0}, ""label"": ""I"", ""xyz"": [0.0, 0.0, 0.0]}]}",Ca2AsI,166,1.5957999999999997,0.0,0.0252845618877428,0.0649824855817742,0.015186146521289
mp-21855,"{""@module"": ""pymatgen.core.structure"", ""@class"": ""Structure"", ""charge"": 0, ""lattice"": {""matrix"": [[5.5751705000000005, -0.0, 0.0], [0.0, 5.5751705000000005, 0.0], [0.0, -0.0, 5.5751705000000005]], ""pbc"": [true, true, true], ""a"": 5.5751705000000005, ""b"": 5.5751705000000005, ""c"": 5.5751705000000005, ""alpha"": 90.0, ""beta"": 90.0, ""gamma"": 90.0, ""volume"": 173.29038260089243}, ""properties"": {}, ""sites"": [{""species"": [{""element"": ""V"", ""occu"": 1}], ""abc"": [0.0, -0.0, -0.0], ""properties"": {""magmom"": -0.0}, ""label"": ""V"", ""xyz"": [0.0, 0.0, 0.0]}, {""species"": [{""element"": ""Cu"", ""occu"": 1}], ""abc"": [0.0, 0.5, -0.0], ""properties"": {""magmom"": 0.0}, ""label"": ""Cu"", ""xyz"": [0.0, 2.7875852500000002, 0.0]}, {""species"": [{""element"": ""Cu"", ""occu"": 1}], ""abc"": [0.0, -0.0, 0.5], ""properties"": {""magmom"": 0.0}, ""label"": ""Cu"", ""xyz"": [0.0, 0.0, 2.7875852500000002]}, {""species"": [{""element"": ""Cu"", ""occu"": 1}], ""abc"": [0.5, -0.0, -0.0], ""properties"": {""magmom"": 0.0}, ""label"": ""Cu"", ""xyz"": [2.7875852500000002, 0.0, 0.0]}, {""species"": [{""element"": ""Se"", ""occu"": 1}], ""abc"": [0.24334255000000002, 0.24334255000000002, 0.24334255000000002], ""properties"": {""magmom"": 0.0}, ""label"": ""Se"", ""xyz"": [1.3566762061547752, 1.3566762061547752, 1.3566762061547752]}, {""species"": [{""element"": ""Se"", ""occu"": 1}], ""abc"": [0.7566574500000001, 0.7566574500000001, 0.24334255000000002], ""properties"": {""magmom"": 0.0}, ""label"": ""Se"", ""xyz"": [4.218494293845226, 4.218494293845226, 1.3566762061547752]}, {""species"": [{""element"": ""Se"", ""occu"": 1}], ""abc"": [0.24334255000000002, 0.7566574500000001, 0.7566574500000001], ""properties"": {""magmom"": 0.0}, ""label"": ""Se"", ""xyz"": [1.3566762061547752, 4.218494293845226, 4.218494293845226]}, {""species"": [{""element"": ""Se"", ""occu"": 1}], ""abc"": [0.7566574500000001, 0.24334255000000002, 0.7566574500000001], ""properties"": {""magmom"": 0.0}, ""label"": ""Se"", ""xyz"": [4.218494293845226, 1.3566762061547752, 4.218494293845226]}]}",VCu3Se4,215,0.8055999999999996,0.0,0.1287683328967614,1.3374998978652033,0.0540874471659498
mp-9567,"{""@module"": ""pymatgen.core.structure"", ""@class"": ""Structure"", ""charge"": 0, ""lattice"": {""matrix"": [[4.79853976, 1e-08, -0.0], [-2.39926886, 4.15565715, -0.0], [-0.0, 0.0, 8.20590387]], ""pbc"": [true, true, true], ""a"": 4.79853976, ""b"": 4.798539091318505, ""c"": 8.20590387, ""alpha"": 90.0, ""beta"": 90.0, ""gamma"": 119.99999042712675, ""volume"": 163.63463549492457}, ""properties"": {}, ""sites"": [{""species"": [{""element"": ""Ba"", ""occu"": 1}], ""abc"": [-0.0, -0.0, 0.0], ""properties"": {""magmom"": -0.0}, ""label"": ""Ba"", ""xyz"": [0.0, 0.0, 0.0]}, {""species"": [{""element"": ""Mg"", ""occu"": 1}], ""abc"": [0.666667, 0.333333, 0.3766579], ""properties"": {""magmom"": 0.0}, ""label"": ""Mg"", ""xyz"": [2.39927261926954, 1.3852176714476199, 3.090818519276073]}, {""species"": [{""element"": ""Mg"", ""occu"": 1}], ""abc"": [0.333333, 0.666667, 0.6233421], ""properties"": {""magmom"": 0.0}, ""label"": ""Mg"", ""xyz"": [-1.719269540068069e-06, 2.77043948855238, 5.115085350723927]}, {""species"": [{""element"": ""Sb"", ""occu"": 1}], ""abc"": [0.666667, 0.333333, 0.7305075600000001], ""properties"": {""magmom"": 0.0}, ""label"": ""Sb"", ""xyz"": [2.39927261926954, 1.3852176714476199, 5.9944748136682575]}, {""species"": [{""element"": ""Sb"", ""occu"": 1}], ""abc"": [0.333333, 0.666667, 0.26949244], ""properties"": {""magmom"": 0.0}, ""label"": ""Sb"", ""xyz"": [-1.719269540068069e-06, 2.77043948855238, 2.2114290563317427]}]}",Ba(MgSb)2,164,0.8457999999999997,0.0,0.0807192330948835,0.4853703997689281,0.0402628584590485
mp-7128,"{""@module"": ""pymatgen.core.structure"", ""@class"": ""Structure"", ""charge"": 0, ""lattice"": {""matrix"": [[4.8531583099999995, 0.0, -0.0], [-2.42657965, 4.20295917, 0.0], [0.0, 0.0, 4.89477796]], ""pbc"": [true, true, true], ""a"": 4.8531583099999995, ""b"": 4.853159237288759, ""c"": 4.89477796, ""alpha"": 90.0, ""beta"": 90.0, ""gamma"": 120.00000042744757, ""volume"": 99.84185127009455}, ""properties"": {}, ""sites"": [{""species"": [{""element"": ""Cd"", ""occu"": 1}], ""abc"": [0.0, -0.0, -0.0], ""properties"": {""magmom"": 0.0}, ""label"": ""Cd"", ""xyz"": [0.0, 0.0, 0.0]}, {""species"": [{""element"": ""As"", ""occu"": 1}], ""abc"": [0.666667, 0.333333, 0.5], ""properties"": {""magmom"": -0.0}, ""label"": ""As"", ""xyz"": [2.4265814165793196, 1.40098498901361, 2.44738898]}, {""species"": [{""element"": ""As"", ""occu"": 1}], ""abc"": [0.333333, 0.666667, 0.5], ""properties"": {""magmom"": -0.0}, ""label"": ""As"", ""xyz"": [-2.7565793201400624e-06, 2.80197418098639, 2.44738898]}, {""species"": [{""element"": ""O"", ""occu"": 1}], ""abc"": [0.62393742, 0.62393742, 0.70896518], ""properties"": {""magmom"": 0.0}, ""label"": ""O"", ""xyz"": [1.5140332285474571, 2.622383500895141, 3.4702271374714324]}, {""species"": [{""element"": ""O"", ""occu"": 1}], ""abc"": [0.37606258000000004, 0.0, 0.70896518], ""properties"": {""magmom"": 0.0}, ""label"": ""O"", ""xyz"": [1.8250912352070399, 0.0, 3.4702271374714324]}, {""species"": [{""element"": ""O"", ""occu"": 1}], ""abc"": [-0.0, 0.37606258000000004, 0.70896518], ""properties"": {""magmom"": 0.0}, ""label"": ""O"", ""xyz"": [-0.912545803754497, 1.5805756691048587, 3.4702271374714324]}, {""species"": [{""element"": ""O"", ""occu"": 1}], ""abc"": [0.62393742, -0.0, 0.29103482], ""properties"": {""magmom"": 0.0}, ""label"": ""O"", ""xyz"": [3.02806707479296, 0.0, 1.4245508225285672]}, {""species"": [{""element"": ""O"", ""occu"": 1}], ""abc"": [0.0, 0.62393742, 0.29103482], ""properties"": {""magmom"": 0.0}, ""label"": ""O"", ""xyz"": [-1.5140338462455027, 2.622383500895141, 1.4245508225285672]}, {""species"": [{""element"": ""O"", ""occu"": 1}], ""abc"": [0.37606258000000004, 0.37606258000000004, 0.29103482], ""properties"": {""magmom"": 0.0}, ""label"": ""O"", ""xyz"": [0.9125454314525429, 1.5805756691048587, 1.4245508225285672]}]}",Cd(AsO3)2,162,1.9549,0.0,0.0051276323409342,0.0088161351906783,0.0032686702171199
mp-23862,"{""@module"": ""pymatgen.core.structure"", ""@class"": ""Structure"", ""charge"": 0, ""lattice"": {""matrix"": [[4.77580877, 0.0, 0.0], [0.0, 4.77580877, 0.0], [0.0, 0.0, 7.80022709]], ""pbc"": [true, true, true], ""a"": 4.77580877, ""b"": 4.77580877, ""c"": 7.80022709, ""alpha"": 90.0, ""beta"": 90.0, ""gamma"": 90.0, ""volume"": 177.91030492741652}, ""properties"": {}, ""sites"": [{""species"": [{""element"": ""Ba"", ""occu"": 1}], ""abc"": [0.5, -0.0, 0.8268958], ""properties"": {""magmom"": -0.0}, ""label"": ""Ba"", ""xyz"": [2.387904385, 0.0, 6.449975019767222]}, {""species"": [{""element"": ""Ba"", ""occu"": 1}], ""abc"": [0.0, 0.5, 0.17310419999999901], ""properties"": {""magmom"": -0.0}, ""label"": ""Ba"", ""xyz"": [0.0, 2.387904385, 1.3502520702327703]}, {""species"": [{""element"": ""H"", ""occu"": 1}], ""abc"": [0.5, 0.5, 0.0], ""properties"": {""magmom"": 0.0}, ""label"": ""H"", ""xyz"": [2.387904385, 2.387904385, 0.0]}, {""species"": [{""element"": ""H"", ""occu"": 1}], ""abc"": [0.0, 0.0, 0.0], ""properties"": {""magmom"": 0.0}, ""label"": ""H"", ""xyz"": [0.0, 0.0, 0.0]}, {""species"": [{""element"": ""I"", ""occu"": 1}], ""abc"": [0.0, 0.5, 0.659566], ""properties"": {""magmom"": 0.0}, ""label"": ""I"", ""xyz"": [0.0, 2.387904385, 5.144764580842939]}, {""species"": [{""element"": ""I"", ""occu"": 1}], ""abc"": [0.5, -0.0, 0.340433999999999], ""properties"": {""magmom"": 0.0}, ""label"": ""I"", ""xyz"": [2.387904385, 0.0, 2.6554625091570525]}]}",BaHI,129,2.9044,0.0,0.0061726351720734,0.0095411663984537,0.0042081930163904
mp-1266,"{""@module"": ""pymatgen.core.structure"", ""@class"": ""Structure"", ""charge"": 0, ""lattice"": {""matrix"": [[4.139362, 0.0, 2.389861], [1.379786999999999, 3.902629, 2.389861], [0.0, 0.0, 4.779725]], ""pbc"": [true, true, true], ""a"": 4.7797231474600075, ""b"": 4.779723933066742, ""c"": 4.779725, ""alpha"": 60.00001337845651, ""beta"": 60.0000079413951, ""gamma"": 60.00001472707701, ""volume"": 77.2135617348962}, ""properties"": {}, ""sites"": [{""species"": [{""element"": ""Na"", ""occu"": 1}], ""abc"": [0.75, 0.75, 0.75], ""properties"": {""magmom"": -0.0}, ""label"": ""Na"", ""xyz"": [4.139361749999999, 2.92697175, 7.16958525]}, {""species"": [{""element"": ""Na"", ""occu"": 1}], ""abc"": [0.25, 0.25, 0.25], ""properties"": {""magmom"": -0.0}, ""label"": ""Na"", ""xyz"": [1.3797872499999997, 0.97565725, 2.3898617499999997]}, {""species"": [{""element"": ""Se"", ""occu"": 1}], ""abc"": [0.0, 0.0, 0.0], ""properties"": {""magmom"": 0.0}, ""label"": ""Se"", ""xyz"": [0.0, 0.0, 0.0]}]}",Na2Se,225,2.018,0.0,0.0112224805382423,0.0228979183278481,0.0067453296984667
mp-1217269,"{""@module"": ""pymatgen.core.structure"", ""@class"": ""Structure"", ""charge"": 0, ""lattice"": {""matrix"": [[-2.18566192, -4.0435734, -0.05612708], [-2.18566192, 4.0435734, 0.05612708], [0.0, -0.07312074, -5.28529]], ""pbc"": [true, true, true], ""a"": 4.596820000699936, ""b"": 4.596820000699936, ""c"": 5.285795779891439, ""alpha"": 91.39685702265949, ""beta"": 88.60314297734054, ""gamma"": 123.21975021022214, ""volume"": 93.40362394518606}, ""properties"": {}, ""sites"": [{""species"": [{""element"": ""Te"", ""occu"": 1}], ""abc"": [0.75377846, 0.75377846, 0.666632999999999], ""properties"": {""magmom"": 0.0}, ""label"": ""Te"", ""xyz"": [-3.2950097522764863, -0.04874469826841993, -3.523348728569995]}, {""species"": [{""element"": ""Se"", ""occu"": 1}], ""abc"": [0.23213708, 0.014085460000000001, 0.00687508], ""properties"": {""magmom"": -0.0}, ""label"": ""Se"", ""xyz"": [-0.5381592295236767, -0.8822104413960671, -0.048575392293069605]}, {""species"": [{""element"": ""Se"", ""occu"": 1}], ""abc"": [0.014085460000000001, 0.23213708, 0.32639192], ""properties"": {""magmom"": -0.0}, ""label"": ""Se"", ""xyz"": [-0.5381592295236767, 0.8578417117384871, -1.7128373501369303]}]}",TeSe2,5,0.7844000000000002,0.0,1.0873631305019114,1.6804773431799491,0.3552041012027519
mp-16032,"{""@module"": ""pymatgen.core.structure"", ""@class"": ""Structure"", ""charge"": 0, ""lattice"": {""matrix"": [[3.91957118, -0.0, -1.179189099999999], [-0.35475548, 3.90348477, -1.179189099999999], [0.008476870000000001, 0.009281610000000001, 7.13200421]], ""pbc"": [true, true, true], ""a"": 4.093107031173922, ""b"": 4.093107833147179, ""c"": 7.132015287214891, ""alpha"": 106.67561469546136, ""beta"": 106.67561337008453, ""gamma"": 90.00000828235706, ""volume"": 109.20536757818641}, ""properties"": {}, ""sites"": [{""species"": [{""element"": ""Pr"", ""occu"": 1}], ""abc"": [0.6595748300000001, 0.6595748300000001, 0.31915165], ""properties"": {""magmom"": 0.0}, ""label"": ""Pr"", ""xyz"": [2.353968116356167, 2.5776025447264956, 0.7206640110877418]}, {""species"": [{""element"": ""Pr"", ""occu"": 1}], ""abc"": [0.34042517, 0.34042517, 0.68084835], ""properties"": {""magmom"": 0.0}, ""label"": ""Pr"", ""xyz"": [1.2193244536438335, 1.3351638352735042, 4.05296199891226]}, {""species"": [{""element"": ""Te"", ""occu"": 1}], ""abc"": [0.0, -0.0, -0.0], ""properties"": {""magmom"": -0.0}, ""label"": ""Te"", ""xyz"": [0.0, 0.0, 0.0]}, {""species"": [{""element"": ""O"", ""occu"": 1}], ""abc"": [0.25, 0.75, 0.5], ""properties"": {""magmom"": 0.0}, ""label"": ""O"", ""xyz"": [0.71806462, 2.9322543825, 2.386813005000001]}, {""species"": [{""element"": ""O"", ""occu"": 1}], ""abc"": [0.75, 0.25, 0.5], ""properties"": {""magmom"": 0.0}, ""label"": ""O"", ""xyz"": [2.85522795, 0.9805119975, 2.386813005000001]}]}",Pr2TeO2,139,1.6738999999999995,0.0,0.0176724201709057,0.0393371196313299,0.0111327935141606
mp-505297,"{""@module"": ""pymatgen.core.structure"", ""@class"": ""Structure"", ""charge"": 0, ""lattice"": {""matrix"": [[3.78181657, -1e-08, 2.183432], [1.26060485, 3.5655303, 2.183432], [-1e-08, -1e-08, 4.36686603]], ""pbc"": [true, true, true], ""a"": 4.366865222072987, ""b"": 4.3668645738888685, ""c"": 4.36686603, ""alpha"": 60.000004514741796, ""beta"": 60.00000938861236, ""gamma"": 60.000010219724636, ""volume"": 58.88361462561361}, ""properties"": {}, ""sites"": [{""species"": [{""element"": ""Nb"", ""occu"": 1}], ""abc"": [-0.0, 0.0, 0.0], ""properties"": {""magmom"": -0.0}, ""label"": ""Nb"", ""xyz"": [0.0, 0.0, 0.0]}, {""species"": [{""element"": ""Sb"", ""occu"": 1}], ""abc"": [0.5, 0.5, 0.5], ""properties"": {""magmom"": 0.0}, ""label"": ""Sb"", ""xyz"": [2.521210705, 1.78276514, 4.366865015]}, {""species"": [{""element"": ""Ru"", ""occu"": 1}], ""abc"": [0.25, 0.25, 0.25], ""properties"": {""magmom"": -0.0}, ""label"": ""Ru"", ""xyz"": [1.2606053525, 0.89138257, 2.1834325075]}]}",NbSbRu,216,0.4653,0.0,0.1853330477610076,1.8914361746363584,0.0890249321773764
